"cust_id","cluster"
139662,1
799924,3
1399898,3
1749580,2
1889991,2
1979557,3
2109544,3
2559894,1
2649945,2
3249808,3
3409828,3
3579812,2
3939747,3
4019802,2
4029993,3
4529875,1
5839828,3
6169864,2
6809659,1
6939855,2
7309686,1
7629630,1
7669833,3
7739787,2
7989753,3
8169802,2
8449857,3
8639635,3
8789770,1
9439583,3
9559913,1
9929819,2
10079850,2
10329832,2
10759583,2
11379727,2
11789884,3
11799985,3
13239978,1
14179914,2
15249979,3
15369617,3
15959606,1
16529696,3
16739664,1
16829885,3
18409710,1
18539540,3
18909750,3
18919651,1
19019605,3
20129679,2
20909719,2
21039641,2
21159716,3
21259755,3
21579922,2
21629812,3
21729931,2
22119651,2
22509962,1
23149973,2
24179544,2
24419577,1
25299978,2
25499869,3
25549822,2
25769814,3
25869803,3
25949975,3
26249571,1
26439761,2
26499927,2
26539889,3
26769899,1
26869605,3
26889766,1
27419620,2
27669806,2
27789582,2
27999642,3
28589957,3
28659946,3
28719593,3
28969992,2
29419972,3
29639764,3
30039913,1
30329827,3
30509580,3
30619950,2
31089912,2
31099800,1
31659691,2
31879773,3
32979648,2
33099816,2
33459796,1
33869812,3
34979616,3
35009936,3
35359799,2
36739858,1
36829902,2
37019819,3
37359574,3
37449943,2
37719816,3
38149980,2
38479729,1
38839808,3
38959697,2
39209838,3
39789916,3
39899981,1
40479884,2
40719950,3
40989640,1
41399849,2
41459822,3
41579936,3
41709604,3
41709665,3
41769844,3
42189845,2
42469999,2
42529970,1
43169706,3
43259821,3
43659803,2
43769997,2
44099964,2
44169595,2
44529936,3
44579896,2
45029889,3
45550000,3
45639598,2
46029903,1
46619809,2
46869946,3
47099981,2
47499959,2
47779590,3
48419908,2
48469840,3
48589590,3
48919804,3
49229919,2
49639781,1
49729853,1
49939988,3
50359965,3
50479834,3
50489953,1
50759829,3
50769763,3
51079908,2
51099907,3
51729948,2
51749812,2
52039852,3
53139937,3
53179975,3
53709984,3
54069996,3
54679990,2
54939758,2
55169787,3
55699764,1
55719937,1
56659977,3
56969964,1
57569716,3
58159515,1
59259713,1
59349779,2
59719949,2
59809919,3
60319729,3
60479987,1
61279763,3
62949989,3
63039914,3
63259722,3
63739689,2
64509787,2
64599801,3
64659992,2
64919918,2
65559862,3
65849722,3
66419918,3
66789769,2
66859810,2
68009981,2
68019964,2
68159810,2
68299561,3
68749880,3
69239726,3
69709708,3
70059831,3
70079719,2
70109835,3
70379721,3
70559769,3
71019917,3
71229706,2
71429848,2
72519850,3
72549599,3
72659929,1
72729561,1
72819768,2
73169658,2
73229998,2
73239833,3
74049890,1
74289807,3
74479587,3
74609955,2
75339977,3
75549562,3
75679996,2
75889885,3
76519764,1
77129952,3
77329948,2
78359952,1
78619843,3
78669634,2
79309672,3
80159622,2
80159773,3
80219994,1
80229754,2
80419802,3
80439782,3
80749872,3
80929577,3
81079854,1
81229883,3
81519841,3
81659873,3
81879929,3
82279945,2
82639994,1
82709584,2
82799990,1
82949944,2
83199814,2
83359833,3
83639755,2
83829593,3
84249964,2
84259772,2
84299911,2
84819833,2
85069816,2
85149539,1
86079996,2
86279955,2
87019827,3
87549947,3
87629985,2
87669876,3
88269944,3
88329996,2
88689862,3
88729895,2
89459611,3
89499914,2
89709949,3
89729948,3
89869811,2
89879774,3
90379624,2
90979780,3
91119979,2
91139797,2
92259554,1
92279859,3
93379871,3
93539545,2
93779687,3
93789936,2
95149894,3
95469700,3
96609903,2
97779992,2
97879953,3
98439796,1
98459597,3
98939585,3
98939712,1
99399883,2
99439924,3
99809929,3
99839791,3
59984,3
799904,2
1039647,3
1179654,3
1309751,2
2029760,1
3549558,3
3949694,3
4199988,3
4289603,2
5009580,1
5149889,3
5509988,3
6119775,3
7009932,3
7839939,1
7949789,1
8209801,3
8609972,1
8699640,3
9089753,2
9149800,3
9439950,3
9919996,2
10249942,1
10519992,3
10859716,3
11129918,3
11219702,1
11529864,3
11879968,1
12079756,3
12319803,2
13559676,2
13689554,3
13739810,3
14549834,2
14579809,3
14719716,3
15310000,3
15549888,1
15819652,1
15819895,3
16329990,2
16489703,3
18569788,2
18639608,3
19549720,2
20029873,3
20799654,2
21549911,1
22179626,2
22619914,3
23039531,1
23079802,2
23229587,3
23259899,3
24679862,1
24889800,1
25509893,2
26749580,3
26939599,3
27469820,1
27719832,2
27779919,3
27849869,1
27929598,2
28709613,1
28719960,3
29269931,1
30309665,3
30919926,3
31469660,2
31959704,1
32229606,2
32289868,1
32559815,3
32759748,3
32809541,2
33659887,1
33729772,2
33829740,1
34139799,3
34409978,3
34549548,1
34559987,2
34789611,1
35209712,1
35359972,1
35699915,1
36669711,2
36669948,3
36779796,3
37959830,1
38069969,2
38699661,3
38889633,1
38979783,2
39069916,2
39139826,3
39229823,1
39229825,2
39309918,1
39499788,3
39579981,3
40029833,3
40349790,2
40739934,3
40829929,3
41369994,2
41769930,1
41779549,1
41979817,3
42059575,2
42289929,3
42359807,2
42739646,2
43049949,2
43349579,3
44209904,1
44319574,3
44419979,1
44439790,3
44499963,1
45459951,2
45729954,2
45849808,1
45939778,3
46079888,3
46149799,2
47329978,3
47399624,2
48129784,3
48659610,3
48739676,3
48749969,3
48819714,3
49649573,2
49929918,3
49949840,2
50219938,3
50399606,2
50639879,3
50799928,3
50809852,2
50939655,3
50949814,1
51169803,3
51289528,1
52419885,3
52609878,2
52659736,1
52929644,3
53229603,3
53369701,2
53579851,3
54369934,3
54729532,1
55339615,3
55919947,1
56219859,2
56539933,1
57149797,3
57979803,3
58369810,2
58529610,2
58899896,2
59779946,2
59849516,1
59869993,3
60099935,1
60529787,2
60719983,3
60889832,3
61209544,1
61499829,3
61859612,1
61939657,3
61959930,3
62709904,2
63039825,3
63229694,3
63839932,1
63949860,3
64089846,2
65829806,2
66899795,3
67769883,2
67909561,3
68009817,3
68009896,2
68439903,3
68679959,1
68739775,3
69069702,1
69329634,1
69509703,3
69649953,3
70599860,3
70839933,3
71179887,3
71499894,2
71559616,3
72219563,1
72659597,1
72989999,1
73159973,3
73409941,3
73669554,3
74009662,2
74069769,3
74199907,2
74379662,2
74429670,3
74849831,1
75019749,2
75289970,2
75299897,3
75339815,2
76079817,2
76379976,2
76549902,1
77229619,1
77329638,2
77479993,3
77569814,3
77799544,3
78049770,3
78869857,3
78869922,2
79249895,3
80029655,2
80089813,3
80369908,3
80409886,1
80519632,1
80879900,2
81309865,1
81539535,3
81679574,3
81699634,3
81919572,3
82489826,3
82589923,2
82599806,2
82659863,2
82789919,1
83109639,3
83419755,3
83609850,3
83639904,3
84059693,3
84589606,3
84869745,2
85329863,3
85769732,3
86359936,1
86709958,3
86849786,1
87369795,3
87509733,3
87619985,2
87729628,3
88359783,3
88459980,1
89089557,1
89229558,3
90139923,2
90149947,3
90189703,3
90619678,3
90919561,3
91209899,3
91279660,3
91289977,1
91449931,1
91669577,1
92069832,2
92129950,3
93149738,1
93209985,3
93609925,2
94119776,1
94199904,1
94389911,1
94909934,1
95709748,3
95979713,3
96599575,1
96779994,1
97339814,3
98349945,3
99569634,1
99869816,2
99899717,1
239630,2
329968,3
589766,3
1139738,1
1279966,3
1439849,2
2009681,2
2649914,2
4369928,3
4539915,2
4669939,2
5519783,2
7729785,3
8739918,2
9429954,3
9899593,1
10499784,2
11139538,2
12499958,3
13169822,2
13329941,2
13449599,1
15509606,1
15769920,2
15979711,3
17499910,3
17809672,3
17849991,3
18229747,3
18419697,2
19159878,1
20389893,3
20869967,3
21189832,2
21639654,1
22119614,3
22869555,2
23669979,1
23979684,3
24649640,1
25139801,2
25749748,2
27829863,2
28019817,2
28169799,3
29759870,3
29869995,3
29939964,2
29989718,3
30209822,2
30699587,3
30939761,3
31379599,2
31419913,2
33419788,3
33589800,1
33599647,1
34639975,2
34799710,2
35489977,1
35629876,3
35939966,2
36319817,2
36929595,3
37089659,3
37349797,3
37849735,3
38349750,2
38559992,3
38669905,3
39089982,3
39169993,1
39739563,3
39979725,2
40419707,1
40429964,3
41539590,3
42799553,3
44369706,1
44599687,1
48769662,3
49069712,1
50289781,2
50939995,2
51939992,3
52189993,2
52269599,2
52579592,2
52879917,2
53119647,3
53509827,1
54669742,3
54929978,3
54999909,2
55699615,1
56139844,3
57009943,2
57049902,3
57109871,1
57399832,3
57659912,3
58309983,3
58899766,1
59629812,2
59859922,2
60219832,3
60589848,2
60619555,3
60679910,2
62739992,1
62859966,3
65179986,3
70349809,3
70659949,2
71449762,2
71989811,3
72489595,2
72759832,3
75809949,2
76969682,2
77689953,1
77909617,3
78069803,3
78129949,2
78579665,2
80759973,3
82569941,2
82679946,2
82839732,3
83309979,3
83429800,1
83589994,3
85019956,3
85259753,3
86019911,3
86509985,2
87599626,2
87849705,1
91129850,2
91209579,3
93529732,3
94669661,3
96129589,3
96279994,3
96459814,2
96749681,2
96779944,2
96929865,2
99329937,1
99989975,2
550000,2
579990,3
909794,3
1129755,2
1999671,3
6149849,1
6389897,3
7869780,3
9489849,3
10179783,2
10209992,1
10669538,3
10709961,1
10809578,3
11549821,3
11689958,1
12109797,2
12729680,2
13969766,1
15219892,2
15449830,2
15669814,3
15819864,3
18869934,3
19089802,3
19179512,3
19229946,3
19399831,3
19849660,1
19909975,1
20779661,3
20939796,3
21309958,3
21549599,3
22419851,1
24509989,3
25599875,3
28499541,1
29589795,1
29859597,3
31079522,1
31529975,3
33169596,3
33809887,3
35129953,2
36549947,2
37189823,2
37549523,2
38419754,2
41419975,1
41679923,3
42109658,2
42949939,1
43199976,2
43609830,3
44129890,2
48159996,2
49359922,3
49639933,1
50029995,2
50799826,3
50949713,1
52709984,2
52969816,2
55729733,2
55879545,3
59499924,3
59709872,3
60079893,3
60189708,1
60549979,3
61389597,1
62959814,1
63019959,3
64299942,1
64859710,3
65289989,2
66809959,3
67089873,3
67509817,1
69299705,2
69339812,2
69379845,3
69999981,2
70459591,3
71329542,1
71579537,3
71869923,1
72039961,2
73129561,2
73139771,3
73819802,2
73839683,3
74209744,2
75029867,1
75269948,1
77569887,1
77749881,3
78549981,3
79259993,3
80699953,3
80969585,1
81269812,2
82269603,1
82399811,3
82919813,2
84449994,1
84909677,2
85259620,2
86109586,3
87479548,1
88279616,3
88439730,2
88699811,1
89989551,2
90069974,1
92059945,3
92409835,3
92749636,3
93919987,3
94309610,2
95799566,3
96659926,1
96829926,2
97669746,3
98489918,2
119781,3
169587,1
619631,1
749556,2
1459955,2
1649869,2
2169803,2
3559851,3
4939617,1
5529858,3
5619763,3
6899618,3
7119955,2
7569890,3
8169913,2
9509898,3
10469726,1
11669833,3
13129627,2
13929992,2
13969965,2
14509826,3
15759675,1
18569576,3
18629833,2
18900000,3
19389828,3
19899688,3
20689598,3
20929853,3
21889600,1
22459641,2
22509924,2
23059907,2
23359928,2
23479859,3
23839751,2
24829723,2
25009822,2
25459825,2
25659992,2
26589855,1
26659928,3
26969633,3
27809913,2
28549996,2
29059891,3
29069808,1
29089811,2
29419952,3
29479946,2
29579982,3
29989562,1
31469798,3
32689582,2
32699793,3
33519823,3
33789794,1
34029868,2
35119545,3
35409943,3
36039996,3
36059903,3
36829577,1
37259652,1
37989556,1
38059752,3
39669546,1
39849575,3
40079773,1
40419908,3
42119554,2
42389814,1
42509966,2
43519730,3
44069717,2
44129959,3
44529762,2
45289995,3
45609976,2
45959960,1
46919708,3
48419623,3
48549830,2
48929631,2
49479635,3
49719951,1
49789931,3
50389870,2
50649568,3
51359725,3
51789516,1
51839574,1
52129851,3
53949979,2
54519800,1
54589898,2
54939899,2
55389920,3
56269748,1
56679912,1
56759912,3
56889552,1
57549928,3
57679879,1
58249797,1
59369958,1
59739753,3
59829618,1
60879854,3
60939746,3
61609986,3
61759735,3
61899950,1
63399980,3
64309818,2
64629817,2
64859979,3
65139945,3
66019821,3
66059678,2
66069693,1
66289886,1
66989807,3
67459546,3
69409831,3
70219626,2
70289701,3
71669903,3
71819885,2
72689666,1
73079911,2
74219950,2
74329710,2
74549972,2
74559817,1
75169913,3
75549816,3
75709662,3
75929626,2
75949846,3
76369645,2
77219895,2
77519859,2
77789650,1
78329997,2
78339923,1
78669648,3
78789986,2
78859660,3
78899800,1
78999898,3
79339603,3
79889682,3
80399571,1
81149779,1
81239800,3
81719591,3
81769683,1
82369611,3
82639687,1
82989540,3
83439608,3
83559878,3
83579610,2
83889926,3
84839632,1
85169585,3
85619753,3
85679797,3
85909521,3
86099615,3
86119833,2
86789986,3
86819903,2
87509817,3
87609904,3
87929982,2
88969808,3
89699524,2
89929729,3
90249515,1
91009856,2
91079833,1
91529923,1
91729619,1
91859518,3
92649884,3
92709799,3
92969652,1
93979814,3
94879842,3
95059620,3
95149655,2
95549630,3
95999982,1
96249890,3
96539725,1
96689603,3
96949785,2
97149803,3
97219777,2
97299984,3
97639840,3
97729819,2
97829955,1
98919793,3
99169981,3
199950,3
819895,2
1179795,2
1629576,3
1979728,2
2269534,3
2269804,3
3119890,2
3469946,3
4189690,3
4589586,1
5069807,3
6319822,3
6509938,2
6559743,3
6679813,2
7529982,2
7939955,1
8329909,3
9099995,1
9259780,2
9709710,1
9909817,3
9960000,1
10229526,1
10399953,1
10569925,3
10799860,3
10939624,1
11119662,3
11319562,1
11609863,2
11719983,3
11979747,3
12619981,3
12719976,3
12949792,3
13689850,1
14429859,3
14459738,3
14459812,2
14699979,2
15129903,2
15399932,3
15659552,3
16189742,3
17309576,3
17329573,3
17499832,2
17619883,3
18079897,3
18139999,3
18359609,3
18609600,3
18769996,3
19089593,3
19259971,2
19729955,1
19859957,3
20429899,3
20439925,2
20599652,1
20649929,2
22659999,3
22969797,2
23319645,3
23319833,3
23339994,2
23439588,1
23519873,3
23889588,1
23929953,1
24109837,1
24319913,3
24509693,3
25129731,1
25399559,1
25509648,3
26109571,2
27009537,2
27089635,1
27589827,2
28029784,1
28889895,2
29039901,3
29659978,3
29909597,3
30049971,1
30179968,2
30349833,1
30789991,1
31139798,2
31239906,3
31929809,3
32629782,3
32779934,3
32919803,2
33229854,2
33269822,3
33349713,3
33559925,2
34639982,3
35019716,3
35379761,2
36719954,3
36899981,1
37339808,2
37479953,3
37529902,2
39029801,2
39099831,3
39729982,3
39769980,2
40099908,3
40759962,3
40769835,3
40939544,3
41029517,1
41269966,2
43319898,2
43689784,3
44099958,3
44629969,1
44759991,2
45649777,1
45679898,3
45729762,2
46109997,1
46539981,2
46859803,2
48109806,2
48179958,2
48539899,2
48769937,2
49059969,1
49929593,3
50099788,3
50199580,1
50969868,2
50999984,2
51459841,3
51549800,2
51949884,2
52309908,3
52499843,3
52649644,2
52909570,1
53249609,3
53379972,1
53529975,3
53619971,3
54179987,2
55149832,3
55589990,2
55959637,2
56629606,1
56869794,1
57799695,3
58199923,3
58309902,3
60899989,2
61339938,3
61649933,1
61869951,1
62439653,3
63009821,2
63019938,2
63049872,3
63459902,1
63529808,2
63879957,3
64839997,3
64929783,1
65049619,2
65839972,3
66079851,1
66129983,3
66239536,1
66289964,1
66319982,1
66429982,3
66829747,2
66879562,3
68169950,3
68639798,2
68949918,1
69679944,2
70199899,2
70279969,3
70429905,2
70499949,2
71239837,2
71509893,3
72399600,3
72629858,2
72859930,3
73159551,1
73349981,3
74739573,1
75329669,3
75329875,1
77129699,2
77139788,3
77309847,1
77599825,2
79439981,3
79819893,2
80139812,2
80179655,3
80929750,2
81379598,1
81619979,2
82459905,2
82729739,2
82919972,1
83149812,3
83919699,1
84079807,3
84129714,1
84659856,2
84729958,1
84789919,3
84829725,1
85019945,2
85419731,2
87209970,3
87369829,2
87489993,3
88019604,3
88219547,3
88499937,3
88629929,1
88839718,2
89639900,3
90489546,3
91169716,2
91319656,2
91539726,1
91939823,2
91999785,3
92359906,3
92899909,3
93999840,2
94019927,3
94069585,1
94089962,2
94499650,3
94699907,3
94999586,3
95009958,3
95199936,3
95489978,3
95609664,2
95709592,3
95849895,3
96679586,2
96819894,3
97079642,1
97909841,3
98009919,2
98309933,1
99119952,3
99209987,3
99229897,1
99929945,2
339665,2
459915,3
969825,3
1249961,2
1839669,2
2129768,1
2139816,3
2209804,3
2539850,3
2629968,2
2689745,2
2809801,3
2889977,2
3089929,3
3189829,1
3269530,1
3689897,2
3789517,2
3809781,1
4029893,1
4139823,3
4569688,3
4589623,3
4629627,2
4769897,3
4779570,1
4899809,3
5019544,3
5639887,3
5859762,2
5929637,3
5929784,3
6599812,1
6639834,3
6859923,1
7079973,2
7119528,2
7159670,3
7249820,1
7259812,3
8009581,3
8329796,3
8409701,3
8429884,3
8519818,2
8529605,1
8719935,3
8949893,2
9019954,3
9119791,1
9389817,3
9439552,1
9439971,1
9599835,3
9879600,3
9939955,3
9949606,3
10129696,3
10149965,3
10169858,3
10359797,3
10439823,1
10529754,2
10769796,1
10859698,3
10889669,1
11019926,2
11059580,1
11309796,3
11439961,3
11469765,1
11549532,3
11909942,2
11939811,3
12719924,3
12919740,1
13289598,1
13429823,3
13559834,2
13639675,1
13649822,2
13739914,3
13889806,2
14199834,1
14379910,3
14649887,2
14749832,1
14939857,2
15189640,3
15259989,3
15559932,1
15759884,2
15869799,3
16069767,1
16189799,2
16269610,3
16349598,1
16359924,2
16419830,3
16599969,3
16619528,2
16789824,2
16869990,3
16889917,1
16909799,3
17159606,1
17199977,1
17219697,1
17459925,3
17749886,1
17829579,2
17919811,3
18219749,3
18219808,2
18249919,3
18259979,3
18519751,2
19069784,2
19169899,2
19279750,2
19379606,3
19489797,2
19719957,2
19789898,3
19929990,1
19939978,2
20039895,3
20379814,1
20519831,3
20719976,1
20869946,3
20889980,1
20899797,1
20969721,3
21179639,2
21389648,3
21429902,3
21469915,3
21619993,3
21669751,1
22029547,1
22029987,1
22129546,3
22219604,3
22439624,1
22519587,3
22699990,3
23299980,3
23569586,2
23659893,2
23839805,2
24069956,3
24159946,1
24479817,3
24769597,3
24939809,2
25069822,1
25179810,3
25229774,1
25309923,1
25319895,1
25439651,3
25499646,3
25899797,3
25949920,2
26189892,2
26399959,2
26619784,3
26819789,2
26949543,3
27099534,1
27249831,3
27349759,3
27689912,2
27839656,2
28149595,3
28219586,3
28229979,3
28359772,2
28389996,1
28449859,3
28499876,2
28779832,2
28839722,3
28899907,3
29029990,3
29119924,3
29249813,3
29249884,2
29529981,1
29579764,1
29999914,3
30039834,3
30259823,3
30629712,3
30779940,2
30869611,2
31009864,1
31069898,2
31319598,1
31429684,1
31659636,3
31739622,3
32019639,3
32079942,1
32419982,1
32429846,3
32539994,1
32549604,1
32559820,1
32719930,3
32749805,2
33109819,2
33139540,2
33169982,3
33249934,3
33289930,3
33809641,1
33989662,3
34029900,1
34259557,2
34369759,3
34529905,2
34539768,1
34629641,3
34699983,3
34929832,2
34959821,3
34959942,3
35199715,2
35439967,1
35709816,2
35739803,2
35999800,3
36149922,3
36429784,2
36559834,1
36589768,3
36989721,2
36989992,3
37099551,3
37279800,3
37369708,1
37509691,2
37559720,1
37589967,3
37609990,1
38159816,3
38169981,1
38199808,3
38269966,1
38329808,2
38369823,3
38539936,3
38549892,2
39349950,2
39479893,3
39539980,3
39709741,3
39949823,2
40239915,2
40409559,2
40549931,3
40889697,2
41039932,1
41049616,3
41049975,3
41239813,1
41449827,3
41599708,3
41619604,3
42119677,3
42189641,3
42439876,3
42449983,1
42749938,1
43049623,2
43129969,3
43509764,1
44009605,2
44129811,3
44149579,3
44379899,3
44769894,3
44839717,1
45089969,2
45129649,2
45159681,2
45179996,1
45409661,3
45519694,1
45529655,1
45559604,2
45619893,2
45819856,1
45849573,3
46079514,2
46249668,1
46279661,2
46539873,3
46869711,2
47119983,1
47199757,2
47739935,3
48319726,3
48709923,3
48769942,3
48929881,2
48939654,2
48949721,3
49329936,3
49519935,3
49629990,2
49709559,2
49789746,1
49969707,2
49969850,2
49979614,2
50069590,3
50129941,2
50299910,1
50759569,2
50849895,2
51029625,1
51199832,3
51319656,2
51559819,1
52589819,1
52829828,3
52859832,3
52919840,1
52959917,3
53219850,2
53259927,3
53379983,2
53449868,3
53599809,1
53629714,3
53679648,2
54079758,3
54359747,2
54399558,3
54489828,3
54689670,2
54779807,3
54799832,3
55039609,3
55259950,3
55289819,3
55349924,3
55399994,1
56129760,3
56379915,2
56629813,3
56669670,2
56679721,3
56829838,3
56929728,1
57199912,3
57199920,3
57449541,2
57520000,3
57569847,2
57749865,1
57779734,2
58639830,1
58839917,3
58849831,2
58879816,3
58929977,3
59029557,3
59129789,3
59299812,1
59389751,2
59639676,3
59689862,3
59869621,2
59899904,3
59909609,3
59999830,1
60489894,3
60559643,3
60749938,2
60769795,3
60779858,3
61019724,3
61159843,1
61219766,3
61469554,3
61499780,1
61649891,3
61759984,1
61869988,2
61889833,2
62099717,1
62109730,1
62129717,3
62129758,1
62179888,2
62379912,2
62479947,3
62499831,1
62529948,2
62599919,1
62869571,3
62909989,3
63019856,1
63059929,1
63199955,3
63369809,1
63649948,3
63809842,3
63929904,3
64509719,3
64739972,3
64809999,2
64819787,2
65159981,3
65399826,3
65459812,3
65579819,3
65659888,2
65689935,2
65769896,3
65969947,2
66199815,2
66339909,3
66359753,1
66559969,3
66569958,3
66639808,2
66849888,3
66939745,3
66959986,2
67089984,3
67289981,2
67509816,3
67619735,2
67889974,3
67999857,1
68249985,2
68289783,2
68399975,2
68479723,2
68589756,2
68839859,3
68959870,3
69279801,2
69819808,1
69979566,2
70059795,2
70059863,3
70309838,1
70319620,3
70339834,1
70439600,1
70669999,1
70919617,1
71069614,2
71119850,1
71469997,2
71809833,3
71829568,3
71909986,3
71969753,2
72059657,1
72209713,2
72279819,3
72359767,1
72369948,2
72379577,3
72389641,3
72389843,2
72729602,1
72799724,2
72839836,3
72849610,1
72919657,1
72979905,1
73079933,3
73119924,2
73139910,1
73189683,3
73189903,3
73209996,3
73249656,3
73259941,2
73279933,3
73299659,3
73369631,2
73369971,2
73489904,2
73559939,3
73569895,3
73639655,1
73669876,3
73789848,2
74029783,2
74259671,1
74469884,2
75129816,3
75539901,3
75669812,3
75769598,3
75819974,3
75919735,2
75929995,1
75979514,3
75979969,3
76119926,1
76219912,1
76229762,3
76259877,2
76279966,3
76299582,3
76579825,2
76709825,1
76959946,1
76969976,1
77049847,2
77259975,1
77339932,2
77549690,2
77649704,2
77649985,2
77819937,1
77879866,3
77959825,3
78029616,1
78059777,3
78239888,3
78409837,3
78539992,2
78609856,2
78839724,2
78989819,1
79229648,3
79259680,3
79379945,3
79419939,2
79799813,3
79889606,1
80069689,1
80209969,3
80229822,2
80439521,3
80439905,1
80539979,3
80599801,2
80699587,1
80929858,1
80999929,3
81199915,2
81269643,3
81449814,1
81629963,1
81629971,1
81749948,1
81779810,2
81909565,2
81919904,3
81929930,3
82059815,1
82109898,2
82239825,1
82309986,1
82389963,3
82509637,2
82569822,3
82589880,3
82629970,3
82679993,3
83279823,3
83609957,3
83979666,2
84019574,3
84109612,3
84309861,2
84349853,2
84549997,3
84809987,3
84969976,3
85099835,2
86069930,3
86219926,3
86349736,1
86409806,1
86439820,3
86489531,3
86799985,3
87259583,3
87389584,3
87739997,3
87859993,3
87889566,3
87899910,3
87959993,3
87979989,3
88029873,3
88559800,3
88569989,3
88669878,3
89169833,1
89249557,2
89489874,2
89529739,1
89649730,1
89759976,3
89769767,3
90039573,3
90429998,3
90829943,2
91499539,3
91639971,3
91759636,3
91839609,3
91859522,1
91859585,3
91969693,2
92009956,3
92289730,1
92809817,3
92869591,3
93039647,1
93089599,3
93719573,3
93959933,2
94449814,3
94539621,3
95059975,3
95389989,1
95489949,3
96349924,2
96529653,2
96559580,2
96569981,3
96779824,3
97109795,1
97169600,2
97389989,1
97399960,2
97759939,2
97799586,3
97989841,3
98109678,2
98249885,3
98469905,1
98629946,2
98629985,3
98709806,3
98709960,3
98749990,2
98789964,3
98849515,1
98909922,1
98929872,2
99199851,2
99199916,3
99269889,1
99309885,2
99369997,1
99699822,2
189709,2
509554,1
529915,2
1109884,2
1249927,3
1369925,3
1589813,3
1599627,2
1799643,3
1949610,3
2089808,2
2339637,3
2709567,2
3239920,3
4029766,3
4219822,2
4349684,1
4699985,3
4759939,3
4769713,2
4829823,3
4909922,3
5049867,1
5099956,2
5209899,2
5589661,3
5649957,2
5949825,1
6009586,3
6119974,2
6409830,3
6529522,1
6629604,3
6659815,3
7039904,3
7109918,3
7249588,3
7319748,1
7500000,3
7519976,1
7539946,2
7789905,1
7819901,2
7849958,1
7869549,1
7989981,3
8309990,3
8359607,3
8449833,2
8459959,1
8489894,2
8949996,1
9119671,3
9249785,3
9279986,3
9379885,3
9519828,2
9599962,3
9969898,3
10029739,2
10119936,3
10279748,3
10279937,3
10369846,3
10459935,2
11139932,2
11589762,3
11619991,2
11939871,3
12189899,3
12189994,1
12249994,3
12379838,2
12559813,1
12899960,3
13189706,1
13319969,2
13669829,2
13739653,3
13929537,1
13979913,3
13999824,3
14419749,3
15149982,3
16129896,3
16329840,3
16429753,3
16659749,3
17189675,1
17409889,1
17739616,1
17889567,3
17899753,2
18279779,3
18479930,3
18549635,3
18789824,3
18819892,3
18919757,1
18979976,3
19259969,1
19339540,2
19599909,3
19909679,2
20229931,1
20449880,2
20509604,1
20539890,1
20559593,3
20619974,3
20679924,2
21479893,1
21489560,3
21619611,2
21619825,1
21829960,2
21949817,2
21959781,3
22149817,2
22639828,2
23449848,2
23539762,3
24469982,2
25579896,2
26099883,1
26589950,3
26609625,2
26739689,1
26839624,3
27109826,2
27359917,3
28329942,3
28359592,1
28519912,2
28769574,3
29309764,3
29379832,2
29529994,3
29579772,2
29629704,3
29739775,3
29779920,3
30329639,3
30419656,2
30669825,1
30919566,1
31199828,1
31229829,2
31409984,3
31429680,3
32439773,1
32609583,2
33029710,3
33039976,3
33119644,3
33119859,3
33819950,2
34179982,3
34259946,3
34609961,3
35149971,2
35209950,2
35239958,1
35649822,2
35909909,1
36209661,3
36259758,3
36479661,3
36569809,2
36829892,3
36839628,2
37079576,3
37159888,3
37279640,1
37299949,1
37609892,3
38209579,3
38219810,1
38339836,3
38509607,1
38539649,3
38589605,3
38609970,2
38719907,3
38729807,2
39499797,3
39539998,3
39849975,3
40289891,1
40409995,3
41029953,3
41089967,1
41479616,3
41889912,2
41969542,3
42359976,1
42419817,2
42569954,2
42649949,2
42919778,2
43089796,3
43599814,3
44019808,3
44969803,3
44979857,3
45019696,2
45069886,3
45539869,3
45729602,3
46069693,1
46149862,3
46169874,3
46169997,3
46239609,3
46269615,1
46339602,1
46469931,3
46519554,3
46519606,1
46649835,2
46699634,1
46839543,3
47249597,3
47559741,2
47889961,1
48419988,3
48749819,1
48909989,3
48979985,2
49469871,2
49709891,2
49829757,3
49859934,1
50039954,2
50379698,1
51419884,2
51459953,3
51629897,3
52109908,3
52349656,1
52459678,3
52639972,3
52819759,2
52889969,1
53229965,3
53369610,3
53409554,3
53659748,2
54019593,1
54049864,1
54079919,3
54179843,3
54629593,3
54969865,3
54989893,3
55409579,1
55809910,1
57259734,2
57289543,3
57459952,3
57809862,3
57929694,1
58159772,2
58519636,1
59089608,3
59099831,1
59169929,2
59239994,1
59319938,3
59359786,3
59369945,3
59769826,3
60009847,3
60809936,3
60889825,3
61039683,3
61109941,1
61939986,1
62389887,2
62449962,1
62999896,2
63099978,1
63139548,3
63609758,1
63709941,2
63719981,3
63979788,3
64069935,3
64099775,3
64319980,1
64609833,2
64709684,3
64829730,1
65239776,3
65299949,3
65389934,2
65489581,2
65699550,2
65719947,2
65729971,3
65759658,3
65959646,1
66049570,3
66219731,1
66239749,3
66239864,1
66269728,1
66819994,3
66959841,1
67039605,1
67119753,3
67469921,3
67519883,2
67529920,2
67559548,2
67849867,1
68069545,1
68299894,2
68369727,2
68859924,1
68949809,2
69019529,1
69679897,1
69779596,2
70139914,1
70380000,3
70579807,3
70669917,3
70839908,3
71149962,2
71199923,3
71219980,3
71579972,3
71699882,3
72389910,3
72739881,2
72969591,2
72999965,3
72999968,1
73049516,1
73069709,3
73239605,3
73409724,3
73859929,3
74019541,1
74219800,3
74489998,3
74689758,2
74789979,3
75079860,2
75239975,3
75299916,3
75319661,3
75539779,2
75569745,3
75719956,2
76169797,1
76199769,3
76309982,3
76569920,2
76579556,3
77289542,1
77679888,2
77679983,2
77839825,1
77849956,1
78039536,3
78079582,3
78199831,3
78339888,3
78499661,2
78669628,1
78829652,1
79129939,1
79639834,1
79659939,3
79809829,3
80039814,3
80199960,2
80269973,2
80269990,1
80389915,3
80409921,2
80569915,3
80829596,2
81269578,3
81329669,1
81419681,3
81459814,1
81849885,1
81859594,1
81859891,3
82309624,1
82719851,3
82749832,2
82919885,2
83549697,1
83779599,3
84289908,3
84349578,1
84389796,3
84509815,2
84559997,3
84969808,2
85049842,2
85119903,3
85419956,3
85739994,1
85989908,2
86339876,1
86779700,2
86799874,2
87089903,3
87279877,3
87489615,2
87649940,2
88139830,2
88289898,3
88479960,3
88519956,3
88589894,3
88859788,1
88889671,3
88919978,3
88929747,2
88959959,2
89289948,2
89389697,1
89569898,3
89689979,1
89929931,3
90029545,3
90599963,1
90839815,1
90959548,1
91729991,2
91809811,1
92039545,1
92039648,2
92059982,3
92279826,3
92299950,3
92439993,2
92609582,3
92809821,3
92939553,3
92949974,3
93089622,3
93339661,1
93439979,3
93529942,3
94049559,1
94129945,3
94189736,1
94369976,3
94449981,1
94589655,3
94639778,2
94719818,3
94789789,1
94899613,3
95029959,1
95179832,1
95289859,3
95529877,2
95959691,3
96079546,1
96209755,3
96289756,2
96429602,2
96989820,3
97699707,2
98619777,1
98729975,3
98899839,3
99139727,2
99139807,3
99349663,3
99399817,3
99519604,3
99519944,3
99689569,1
229838,2
769883,1
939843,3
1710000,3
2049977,3
3299914,3
4509747,3
5269569,3
6079731,1
7729784,3
7759981,3
8089636,3
8709949,3
9469815,2
9749794,2
9969956,3
11659818,1
12929901,2
14049906,3
14309662,1
15059832,3
16339966,3
17189562,3
17279835,1
17299754,3
17419553,1
17759824,3
18199654,1
18289915,2
19009510,3
19379779,1
20269853,3
20799879,3
22939921,2
22989974,2
23769602,2
23849958,2
24149601,3
25429594,3
26059833,2
26289768,2
26329982,1
26439895,2
26929837,1
26979750,3
27009993,1
27839890,3
28029571,3
29019995,2
29819913,3
30419929,2
31149802,3
32209834,2
32679614,3
33119617,3
33209802,2
34579537,1
34679977,3
34849868,1
35999976,3
36339672,2
36389888,1
36419816,2
36459929,2
36469872,3
36619796,3
37269831,2
37429923,1
37489965,3
38079788,2
38599801,3
38659789,2
39439753,2
39489900,1
40429901,1
40609703,1
41169921,2
41829882,3
41879910,3
41979833,2
43479654,3
43489881,2
44349990,3
45489867,1
47299897,3
47339915,2
48019616,3
48049896,3
48709972,1
48739827,3
48999970,3
49159936,2
49579941,1
49579988,3
50099728,3
50819784,3
51499926,2
51999833,3
52089714,3
52959877,3
52979881,1
53849651,1
54279893,2
54429818,2
54869841,1
55399866,1
57299744,2
57369892,2
57399788,3
57589744,2
57669579,3
57779591,1
57939976,1
59519607,3
59709900,3
62449976,2
62719965,3
62919778,2
64119580,1
64239709,2
64649954,3
65259994,2
66299997,3
66839833,3
66879569,3
68029961,2
68149871,2
68389615,3
68839813,2
69509749,3
69779841,1
69919596,2
70579924,3
71029783,3
71129575,1
71419887,3
71429829,3
71719734,3
72549944,3
73179607,2
74639901,1
74699977,2
74839726,2
75899684,2
76109834,1
76809855,3
76819747,3
76829675,3
77809802,3
77839644,3
77989975,1
78289618,2
78509919,1
79139995,2
80719905,3
81369704,3
82319803,2
83629608,2
83969811,1
84399649,3
84919839,3
85769568,1
85949941,2
86189590,1
87179895,2
87469900,2
88499773,1
88829885,1
89359731,3
89399823,2
90619979,1
91219977,2
92149553,2
92309822,3
92629572,1
94109834,1
94339923,3
95119997,3
95249810,3
95339895,2
95639811,3
97409976,2
97999798,2
98659904,3
98969898,2
99259910,3
99569937,1
549975,2
559804,3
559947,2
1289567,3
2059893,2
2969905,1
3259822,3
3879648,2
4519741,2
5019895,2
5089853,2
5449953,2
5839958,2
6599547,2
6799994,1
7299831,3
7329826,2
7409778,3
8399540,1
8509785,3
9169797,1
9299898,1
10269678,2
10339902,3
10689564,2
10749600,1
10839858,3
11399749,2
12389800,2
12609746,2
12649991,2
13199601,2
13259989,1
13939792,3
14029845,3
14549652,2
14669762,2
14739576,1
15009613,1
15419711,3
15859889,3
16209847,2
16229605,3
16739745,3
17349753,1
17499959,3
17709958,3
17959971,2
18069947,3
18559909,3
19119914,3
19159974,2
20399770,3
20839975,2
21859540,3
22439784,1
22929627,3
23619808,1
24039560,3
24169831,1
25099966,1
25679927,2
26739889,2
26949892,3
26959974,3
26969838,2
27109857,2
27359976,3
27499868,1
27799769,3
27819946,1
27829807,3
27949856,3
28449975,1
28519989,3
29329756,1
29639899,2
29699898,3
30699691,1
31039819,3
31499971,3
31649824,3
31709884,3
31889912,1
32199633,1
32239659,3
32329964,1
33119798,2
33889986,1
34219942,1
34229613,1
34419810,1
34479813,3
34559611,1
34629733,1
34709739,2
36049558,3
36229885,1
36269591,3
36389625,2
36389786,3
37169928,3
37379638,1
38709981,1
38809828,3
39219576,3
39719963,3
40169835,2
40729822,3
40889581,3
41039975,3
41109906,1
41449774,2
41469905,2
41539962,3
42469797,3
43359832,2
44699537,3
44709994,1
44889679,1
46159619,2
46369739,3
46439660,3
46449630,1
46849605,2
47389671,2
47589797,1
48339829,3
48989709,3
49809924,3
49989664,3
50029548,1
50389832,3
50439680,1
50509899,3
50639809,1
50919917,2
51059998,3
51639797,1
51719813,3
52349905,1
52649606,3
52869600,3
53869803,1
53969684,3
54589844,1
54979969,1
55119753,2
56009954,3
56089980,3
56279876,3
56539716,2
56779976,3
57009671,3
58139872,2
58989946,3
59429956,2
60329938,3
60609935,2
61249664,3
62019817,3
62119849,2
62759768,1
63399975,1
63579822,3
63679811,2
63929565,3
64629802,3
64749986,3
64779718,3
65199766,2
65289953,1
65769567,3
65949616,3
66199904,2
66699998,1
67439758,2
67619798,1
67829997,2
68329889,2
68539890,1
68589994,3
68879713,3
68909835,3
69269800,3
70209669,1
70319955,2
70449806,3
70559953,1
70829837,3
71269983,2
71929824,1
72809876,1
72909835,2
73449706,1
73539998,2
73639835,2
74039561,2
74539574,1
74859999,1
74909637,1
75449828,2
75639628,1
75689897,2
75829901,2
75919948,2
76039920,3
76099821,3
76209778,2
76249815,3
76429997,3
76849938,2
77299896,2
78309835,3
79059792,3
79139829,3
79489632,3
80069965,3
80579843,2
80699930,3
81159947,3
81209806,1
81259764,3
81309650,2
81469663,3
81699571,2
81909760,3
82189821,2
82309982,3
82399950,3
82739882,1
83379895,2
83839615,2
84289802,2
84379758,1
84909909,3
85119967,2
85389815,3
85499830,3
85809779,2
86579812,3
86789814,3
87219981,3
88229812,3
88639546,1
88689910,1
89129663,2
89329908,3
89709617,2
90739747,3
90869774,3
90909657,2
90999657,1
91199858,3
91229754,3
91389787,3
91899794,2
92019618,3
92159812,2
92259875,3
92269820,3
92579888,3
92889644,3
93099847,3
93369800,1
93489800,1
93529825,3
93929673,2
94289904,1
94429986,3
94639676,3
94919926,1
95029657,2
95409578,1
96449957,2
96529871,3
96709938,3
97629798,2
98459704,3
98589856,2
98859931,3
99149919,1
99409972,2
99439891,2
99969716,3
289975,2
1179804,2
1219886,3
2739902,2
2989796,3
3299585,3
3449697,3
3919795,3
4139886,3
4189891,2
4259813,3
4559644,3
4829933,2
5369881,1
5679940,3
6789802,3
7199874,3
8049900,2
8739908,3
8849964,2
10469833,3
10679950,1
11469670,3
11789750,2
11939573,2
12299631,3
12709928,3
12989872,1
13679928,1
14259755,2
14549793,3
14769670,1
15499629,3
15619808,2
16139814,2
17259642,2
17329814,3
18179993,3
18349634,3
19769843,1
19879521,1
19959673,3
20319699,2
20959540,3
21229887,2
21249884,2
21319608,3
21479974,2
21529951,2
21969931,3
22079669,1
23729629,3
24449853,1
24609776,1
24939852,1
25749578,1
25759967,3
26289816,2
26349863,1
26449992,1
26489541,2
27449659,1
27469835,3
28119749,2
28149981,2
28999924,2
30769971,3
32209848,2
32469998,1
32699523,1
32929755,1
33019857,3
33099958,3
33799842,2
34409832,1
34429948,2
35069910,2
35079929,2
35129865,3
36139969,3
36769809,3
36999592,3
37009633,3
37529700,2
37889608,2
38679834,3
40439944,2
41759629,3
42609554,3
42659898,3
43209587,2
43869643,2
44029996,3
44159991,1
44339928,3
45089830,3
46529820,3
47009769,2
47519827,2
48119832,3
48859777,2
49159827,2
50219809,3
51529853,2
51799870,3
52559988,2
52759663,3
53349544,3
53789855,1
54039974,3
55129810,2
55469918,2
56129832,3
56209977,2
56709813,2
57379806,2
57689938,2
58209836,3
59599598,3
59649884,2
59729769,2
60829804,3
61789818,3
62949975,1
63189976,2
63349831,1
63369805,2
63739795,2
63899984,2
63929767,3
64429608,1
65229949,2
65519932,2
66389810,2
66709763,3
66839835,1
66879577,3
67619756,2
68289942,2
69679884,3
69779822,2
69909540,3
70329992,2
70589893,3
71509928,1
72609931,1
73159948,3
73519846,2
73549824,1
74349745,3
74569708,3
74669916,3
74759921,2
74799872,1
75469954,1
76539923,2
76699585,3
79229925,2
79719896,2
79899874,1
80169689,3
80499576,2
80579664,2
81269713,3
81429816,1
81439671,3
81529964,2
81979811,2
82339747,3
83609970,3
84109976,1
84149587,3
84319801,2
84359863,1
85519973,3
85949697,1
86069993,3
86429954,2
86949816,2
87239938,3
87589819,3
87839536,3
87969985,3
88339693,3
88339795,2
89039775,2
89549896,2
89929919,3
90039584,2
91339775,3
91399816,2
92719940,2
93069776,3
93289902,2
93529776,3
93569899,3
93899938,2
94289972,3
95289559,3
95779963,3
96179726,3
97809684,3
97979605,3
98829990,3
609881,3
1309902,3
1579841,3
3489829,1
3759804,3
5819956,3
7229797,2
8839585,3
9049797,3
11769881,1
12419558,2
12919958,2
13949945,2
14029648,2
14079512,1
14229767,2
15149959,3
15529673,3
16629819,1
17099785,1
17479985,3
17889830,2
18129815,3
18229557,1
18419746,1
18569716,3
19609746,3
20259998,1
21509809,2
21569591,1
21909902,3
22419803,2
24599899,2
25619583,1
25999807,2
26039563,3
26159683,3
26839922,1
27859778,2
28839892,3
28959741,3
29029884,2
29089643,1
29759715,3
31889833,2
33289859,3
34439806,3
35759826,2
35769599,1
36759846,3
37349873,3
38479993,3
39389734,1
39929975,1
40369953,3
43009816,2
43499960,1
43539824,2
43819905,2
45089974,3
45519981,1
46179587,2
52989908,2
54199733,3
54459976,2
55349832,3
56639598,1
59499720,3
60500000,2
61259904,1
62139531,3
64239851,3
64249836,3
67629896,3
68099971,3
70019570,3
70279725,3
71839643,3
78619916,3
79999656,3
81689893,3
83019932,3
83519590,2
84439900,3
84459993,3
86449933,2
89759972,3
91959948,3
92619600,1
93349625,2
93819972,1
95269989,3
96509803,3
97339976,3
97849939,3
98399917,3
99189590,1
99279881,2
99579878,3
39856,1
789747,2
969802,3
1209903,2
1239874,1
1499909,3
1539803,2
1569894,3
1619818,2
1629937,2
1839834,3
1979644,2
2199975,3
2589576,1
2749922,3
2809951,2
2889956,3
3229801,3
3239931,3
3259553,1
3409832,3
3419797,3
3469803,2
3489804,3
3509691,3
3639760,1
3949807,2
3979821,3
4029695,3
4099782,3
4299825,3
4319967,3
4419627,2
4459951,1
4819766,1
4839902,3
4889825,3
4959859,1
5039834,3
5059954,2
5109957,3
5239934,3
5619915,2
5749887,3
6099813,1
6139769,2
6139888,3
6279935,3
6419582,3
6619659,2
6629718,1
6629808,3
6739641,2
6879644,3
6909998,3
7779915,3
7879516,1
7889790,1
7919959,3
8209843,3
8279980,3
8679834,2
8679838,2
8809967,3
8859775,2
8989977,3
9269691,1
9289955,1
9309618,3
9339837,2
9349783,2
9409596,3
9519528,2
9519814,3
9989829,2
10119835,3
10359835,3
10909884,2
11199831,1
11389560,3
11419851,3
11509860,2
11559855,1
11609822,3
11629812,2
11629887,1
12159906,3
12279884,3
12339809,1
12429918,1
12569646,1
12709994,1
12899871,2
12939970,2
13169926,3
13189740,3
13319958,2
13769859,2
13939867,3
14059710,1
14139572,3
14179738,1
14289700,3
14329558,1
14419563,1
14639599,3
14999933,3
15109873,1
15149791,2
15239611,1
15529995,2
15589929,1
15749826,1
15809722,1
15869812,3
16249638,2
16339676,1
16359967,1
16509646,2
16699953,1
16739837,3
16779934,1
16809940,2
16879828,2
17029796,3
17049579,1
17059826,1
17319652,3
17459639,3
17459834,3
17579946,3
17709893,2
17889753,1
17929584,3
17939852,3
18179799,1
18539923,1
18739973,2
18829966,2
19029994,1
19109770,2
19129933,3
19139547,1
19339933,2
19449799,1
19549791,1
19689682,3
19849674,1
20279683,2
20409730,1
20459636,3
20529923,1
20549815,3
20699674,2
20759906,3
20859731,3
20889964,2
20919680,3
21479886,3
21549639,3
21549823,2
21659627,3
21729808,3
21759843,2
22199739,3
22339588,3
22499552,1
22529830,2
22849582,2
22869968,3
23109737,3
23209931,2
23259599,1
23359797,2
23649756,1
23679575,3
23729868,3
24039818,2
24459809,3
24579854,2
24589655,3
24639807,1
24719817,3
25059811,2
25239918,2
25249953,3
25559576,1
25669531,1
26019953,3
26159689,1
26379959,3
26419823,1
26449934,1
26809754,3
26849928,3
26889660,3
27009919,3
27119910,1
27129674,1
27149825,1
27199680,3
27249963,3
27379831,3
27449746,3
27569750,2
27649776,1
27839615,3
27929947,2
27969633,1
27989838,2
28249745,2
28249779,2
28449658,2
28589626,1
28629904,1
28769569,1
28899633,2
28979677,1
29049955,3
29219861,3
29329834,3
29569935,3
29649742,3
29719848,1
30259801,1
30439747,3
30599930,1
30599986,1
30739938,2
30869590,2
31009635,3
31119816,1
31119827,3
31259704,3
31339930,3
31549991,1
31739724,1
31829749,3
31849993,3
32129637,2
32299809,2
32409792,3
32449996,1
32489834,1
32489866,3
32589582,3
32689819,1
32869808,3
33129967,2
33209568,1
33309653,1
33419626,3
33909902,3
33919808,3
33949766,3
34119894,3
34319838,2
34469792,3
34519809,3
34569928,2
34789946,3
34799991,2
35079602,3
35499946,3
35669856,3
35929946,2
36089855,1
36169831,2
36369944,2
36369965,2
36489697,3
36499657,3
36849993,1
36919761,2
37139835,3
37589999,1
38079809,2
38109741,3
38139638,2
38589811,3
38679713,3
38809687,3
38829820,3
38889782,1
38999936,3
39249767,1
39269851,3
39279924,3
39389624,3
39909563,1
40139886,2
40199579,3
40199978,1
40199980,3
40269890,2
40429987,3
40549840,3
40599617,2
40709994,3
40779978,3
40809617,1
40889811,2
41219986,1
41299937,1
41379703,2
41519646,3
42139922,3
42249885,2
42459796,2
42479578,2
42559965,1
42919659,2
42969786,3
43309996,2
43599932,1
43629876,1
43999747,3
44059660,3
44149980,2
44279584,1
44459598,2
44589788,3
44729957,3
44729971,1
44819958,3
45019977,3
45029977,1
45249531,1
45259910,2
45319677,3
45379982,2
45489712,2
45619990,2
45659806,1
45679726,1
45719537,1
45789857,3
45809866,1
46139907,1
46139968,1
46149671,3
46319846,3
46549658,3
46679670,1
46679986,3
46699871,2
46959980,3
47719902,3
47749869,3
47879594,1
48179755,1
48429907,3
48439956,1
48489598,3
48729999,2
48919832,2
49029983,3
49189638,3
49199566,3
49259832,3
49419811,2
49559641,3
50079575,3
50259624,3
50599814,3
50639616,1
50659632,2
50669657,3
50709851,3
50739836,1
50869590,3
51109607,3
51149746,3
51199835,3
51239557,3
51269972,1
51369646,2
51529943,2
51689984,3
51849807,3
51899984,1
51999870,3
52259796,1
52279824,1
52319605,1
52349770,1
52419811,3
52739986,2
53299885,3
53309567,3
53379884,3
53529990,3
53799708,3
53919893,3
53989755,3
54259852,2
54509624,1
54589520,1
54759595,1
54949636,1
54979800,3
55149728,2
55439816,2
55529829,3
55619636,3
55709907,3
55859983,2
55919816,2
56029958,3
56119821,3
56119982,3
56149577,1
56569927,3
56669958,1
56839870,2
56939689,3
57399861,2
57419910,3
57619972,3
57919957,3
58009829,1
58199854,1
58269943,3
58399832,3
58599654,1
58949670,3
58959780,2
59099710,3
59179928,1
59279735,3
59349761,2
59599958,2
59609976,2
59909971,3
59979982,2
60039707,3
60069975,1
60329807,3
60499971,1
60569799,2
60679980,2
60749585,3
60819975,3
61089639,1
61589796,2
61659986,2
61889740,3
61889839,1
62039661,3
62149945,3
62399718,3
62469946,1
62769677,3
62799731,1
63159968,3
63179749,3
63319749,2
63419988,3
63609837,1
64049949,1
64149775,3
64319815,3
64359903,3
64439905,2
64449830,1
64609895,3
64799525,1
64899815,1
64909661,3
64929903,3
64979914,2
65029545,3
65029956,3
65219785,3
65369922,1
65649793,3
65759557,1
65899897,3
66379971,2
66409862,2
66509585,3
66709995,1
67009584,3
67109912,1
67139912,2
67319647,3
67349677,2
67659989,3
67709946,1
67949591,3
67999992,2
68139746,3
68239997,1
68409645,1
68439887,1
68489597,1
68619793,3
69009686,1
69099802,3
69179754,3
69179948,3
69309950,3
69809783,3
70219963,3
70259878,2
70479803,3
70479956,2
70579976,2
70589922,1
70869780,3
71159650,3
71809778,3
71929719,3
72299733,2
72579609,1
72609885,3
72609891,2
72709931,3
72879837,1
72999830,2
73519861,1
73589829,1
73619899,2
73649581,3
73679873,2
73809611,1
73929558,1
73939814,3
74159809,3
74249611,1
74359817,3
74429898,3
74469991,3
74669958,3
74789761,2
75109623,1
75129821,3
75219661,1
75389958,2
75559630,3
75569703,1
75729998,2
76099948,2
76239895,1
76369797,3
76389793,2
76399832,3
76429835,2
76499800,1
76849997,3
77089808,1
77349930,1
77479938,3
77689910,2
77839901,3
77879888,3
78279826,1
78409577,1
78449900,3
78639616,1
78649847,2
78729631,3
78909819,3
78919580,3
79019839,3
79139509,3
79329949,2
79449658,3
79479746,2
79479948,1
79569929,1
79599632,1
79779843,3
79869845,2
80129666,2
80139861,2
80409648,3
80429707,3
80539808,3
80769887,3
80899687,3
80909980,1
81029960,1
81219581,3
81629989,3
82599846,1
82669849,3
82679819,3
82849654,3
83019923,2
83109711,3
83229822,1
83339966,3
83549946,1
83869839,1
83889904,2
83929977,3
83989956,1
84019658,1
84089627,1
84379915,3
84519978,1
84999833,3
85019824,3
85399739,2
85489814,3
85619808,2
85729942,2
85799746,2
85969899,2
86069973,2
86199539,1
86339983,3
86479677,2
86659718,3
86849999,3
86899663,3
87039572,1
87149622,1
87239848,3
87279899,3
87299582,2
87379789,1
87459819,1
87869696,1
88149930,3
88229990,3
88439633,2
88589557,3
88679957,3
88729639,3
88729945,1
88759784,3
88839607,3
89329925,3
89439828,1
89449594,2
89499842,3
89529591,1
89579824,3
89609855,2
89889832,1
89939604,3
89959808,3
89969638,1
90459829,1
90529922,3
90539600,1
90639982,2
90679895,3
90709724,1
90779596,3
90859781,1
90959770,1
91039747,2
91219808,3
91219819,3
91219895,3
91419829,1
91599586,1
91649925,3
91699705,2
91939641,1
91989926,2
92099547,3
92139922,1
92229970,1
92339697,3
92509947,2
92689781,3
92859658,3
92979951,3
92999824,3
93299799,3
93439921,3
93509814,3
93579729,3
93589979,3
93869930,1
93909955,1
94069930,1
94129999,3
94209810,2
94229986,2
94249879,3
94379976,2
94449952,3
94499976,3
94569799,3
94919554,2
94929799,2
95059556,1
95059820,3
95099778,1
95229569,3
95239946,2
95299609,3
95309674,3
95419819,3
95499970,2
95599969,3
95619644,3
95899578,3
96189548,3
96259812,3
96349973,3
96769555,1
96769578,1
96829565,2
97179990,3
97439798,2
97449981,1
97469953,2
97679735,3
97999975,1
98209937,2
98229688,1
98329589,2
98339834,3
98379608,1
98639950,2
98739821,2
98879983,1
98989825,2
98999735,3
99079795,2
99319577,2
99689829,3
99829865,2
99939955,3
99969769,2
1329967,1
1519567,1
2539599,3
3029520,1
3469901,2
3939806,2
4139766,2
4149952,3
5219581,3
6599998,3
6839952,1
8669996,3
8899843,3
9729963,3
10799903,1
10989870,1
12159907,3
14099926,3
14669832,2
16239779,3
20099927,1
21239863,3
21639948,2
25759842,1
27769905,3
28559806,2
29269959,1
33639918,2
34589863,1
34609618,1
35489663,2
35629782,3
36599872,3
36889619,2
36919834,3
37929915,3
39809741,3
40209992,3
41449784,3
42809735,1
44299729,3
45179825,2
47409814,3
48669992,3
51089795,1
52509997,1
53709851,3
54949540,1
55849881,3
56269571,1
58209801,1
58809981,3
60009870,3
61069852,3
61919896,3
62829619,3
63509900,3
64699870,2
65099621,1
65579845,3
66439704,3
66579988,1
66779592,2
67229965,3
67799575,1
68599655,1
70099717,1
70589698,2
71129978,3
72549831,1
73239634,2
74969808,2
75269684,3
76279937,3
77609665,3
80479816,3
82799808,2
84149561,3
84789755,3
84949990,2
86179680,1
86369948,3
86609783,3
86619877,2
86799975,3
88949658,3
89309578,1
91789971,3
92529922,2
93099895,3
97009573,3
99149833,2
99869771,2
879592,3
1229691,2
1429948,2
2049833,1
2369804,1
2389837,3
2939799,3
2969695,3
3109806,3
3169944,3
4729534,1
6069830,2
6149942,3
6269731,2
7349772,1
7919932,2
7949676,3
8219704,1
8289961,3
8409665,2
8579931,1
8729611,3
9019561,1
9859853,2
10489785,1
10529569,3
10859816,3
11199633,2
11889976,1
12129579,3
12189887,3
12189988,3
13199956,1
13319547,3
13479847,3
14479725,1
14759822,2
15199845,3
15549904,3
15599790,2
15679855,3
15739825,2
16049785,1
16139538,2
16179985,1
16719861,1
17229806,3
17339939,1
17849930,1
18859893,2
19359578,1
20009976,3
20019865,2
20179636,3
20219866,3
21699783,3
21799975,1
23029779,1
24019816,3
24109953,3
25819605,1
26019577,1
26469988,3
27249920,1
28109993,3
28179980,3
28899904,3
29549891,2
29549935,2
30379793,3
30409918,1
30669918,2
30829946,3
31069959,3
31319659,2
32209868,3
32229986,3
32539695,1
32669761,1
33069698,2
33099906,3
34019665,3
34509742,3
34819737,1
36859904,1
36969646,3
37129841,3
37239575,3
37289862,1
37809904,3
38219619,1
38279666,2
38349948,3
38389636,1
40039730,3
40049967,3
40109950,1
40819762,3
41189997,1
41759598,3
44699716,1
44879963,1
45079933,3
45289949,2
45519715,1
45649553,1
46719931,1
47189724,3
48029974,3
49199956,1
49299583,2
49349847,2
49939816,3
51289742,1
51349847,2
51619805,3
52559517,3
52969671,1
53249980,1
53819793,1
54329919,2
54339975,2
55139982,1
55669873,2
56229800,2
56239694,3
56609839,1
56989607,3
57019943,3
57229509,1
58279941,1
58839996,3
58919615,3
59249576,1
59719854,3
59869772,2
59999924,2
60449806,3
60549975,2
60549992,3
60819949,1
61399975,1
61749980,3
62299906,1
62409736,3
64079828,2
64369978,1
64699907,2
64959874,3
65039971,1
65229553,1
65299979,2
65699912,2
66039611,2
66129646,1
66279802,3
66899873,1
66919896,3
67149802,1
67309964,3
67399949,2
67809883,1
67829568,3
68639606,3
69909898,1
69909968,3
70889859,1
71399913,3
71719832,3
72569853,1
72899594,1
73479594,1
74019963,3
75599971,1
75619592,2
75989819,1
76999748,1
77129998,3
77629838,2
78019832,3
78059882,2
78099516,1
78139994,3
78259975,1
78649817,1
78889809,3
79289768,3
79429800,1
81279937,1
81349923,1
81549930,2
82049535,1
83469980,1
83549899,3
83809652,3
84009734,1
84759978,2
85009863,3
85289658,1
85969765,3
86169555,3
86219931,3
86499802,3
86959976,3
89199579,1
89299629,2
89599832,1
89739990,3
89959586,3
90259748,3
90299538,1
90389762,1
90829981,2
90889526,1
91429772,3
92719644,2
93159652,1
93479789,3
94009855,2
94079593,2
94119823,3
94579697,3
94599992,3
94949652,3
95559907,3
96339836,2
97149978,1
97439673,3
97639569,2
97729823,1
97829996,2
98679969,1
98679988,3
39774,2
339627,3
469629,3
639866,3
1469591,3
1609938,2
1639780,2
2689758,3
2779799,3
3349780,3
3389774,1
3879781,3
4309605,1
4339680,1
4739636,2
4739810,2
4839830,3
4999884,1
5119801,2
6989901,2
7139796,1
8289646,3
8679648,3
9209990,3
9919642,2
11149903,2
11229580,3
11279674,3
11559947,2
11589703,3
11639970,3
11679751,2
12189975,3
12689530,1
13619993,3
13949935,1
15169987,1
15309821,2
15459631,1
15549830,3
15929935,3
16709903,3
17229870,3
18079977,3
19489870,2
19779848,1
19809975,2
20159580,2
22289992,1
22479874,3
23389753,2
23519780,3
23739798,3
24099604,1
24209784,2
25989938,1
26129863,2
26539924,2
27289843,1
27999948,2
28189832,1
28339832,2
28739765,3
29509888,1
29689725,3
30189974,3
30199747,3
30429988,1
30969620,2
31079582,3
31189563,1
31529937,3
31719877,3
31839978,2
31979915,2
32479788,1
33329832,2
33699866,1
33989604,1
34079887,1
34899963,1
35749627,3
35769990,3
35999835,1
36749770,3
36849621,1
38129982,1
38549799,2
38689655,3
38879826,3
39279664,2
39339616,3
39689967,1
40199924,3
40789913,3
40959631,3
41459605,3
41679950,1
42539880,1
42749616,3
42789969,1
43609745,1
44829828,3
45409635,2
46489831,1
46609760,3
46639950,3
46769985,3
46899781,3
46969850,2
47289751,2
47459941,3
47659578,1
48249965,3
48419753,1
48549881,3
48619969,2
49159711,3
49319652,2
49579835,2
50309997,3
50339682,3
50379981,3
50669828,3
50779606,1
50849905,1
50979878,3
51229800,2
51589608,3
51739733,1
51829867,3
53179532,1
54059803,2
55219676,3
55559634,3
57269838,2
57599576,1
58389878,1
58729738,2
59169761,2
59179893,3
59619819,2
60629976,2
63009935,2
63159673,1
63539889,3
63839979,3
63899694,1
63989988,3
64019655,3
64999969,3
65139834,3
65509546,3
65939863,1
66609791,3
67309958,1
67439562,3
69349799,2
69679968,3
69919763,2
70069949,2
70270000,3
70309918,3
70949630,3
71499931,3
71669972,1
71789886,3
72399803,3
72939955,3
72979864,3
73009929,3
73319677,3
73789554,3
74959935,1
75589877,2
75949929,3
76279822,1
76460000,3
76639812,2
76969972,3
77249761,1
77489811,2
77539710,3
77889863,1
77939826,1
78099851,2
78179922,3
78819563,3
79039800,1
79119626,1
79409981,1
80509648,2
81469859,1
81689633,3
82669531,3
83259898,3
83499557,3
83549802,2
83999556,1
84639746,1
86199730,3
86539546,3
86909534,1
87739601,1
87869630,2
88059865,1
88419779,3
88559833,3
88599990,2
88769999,2
88899674,2
88939693,2
88999885,3
89359663,3
90459720,1
93409897,1
93999650,3
94579870,1
94689979,1
94899681,1
95059779,2
95269762,2
95399633,3
96209808,3
96269684,2
96419641,1
96909541,1
97309834,1
98209999,1
98419981,1
99159943,3
99599996,3
99829929,2
29568,1
729768,3
989713,3
1129993,3
4559994,1
7729819,3
10629613,2
19559950,3
21079546,1
21409578,1
24909905,3
27519997,3
27959877,2
29039799,3
32739623,2
33189852,1
33399639,3
34259807,1
37549987,1
38289873,1
39819812,3
40099958,1
40969917,3
41499602,3
45209934,1
45769973,3
48889801,2
57249544,3
61109732,1
61309843,3
61549555,1
61559624,2
65699592,3
66229994,3
66509741,3
66659994,2
67529820,2
67529986,1
67599630,3
69429786,3
72179971,2
72959946,1
79119823,2
81499958,2
82099697,1
83239808,3
84829835,2
85739705,2
87099851,3
87449816,2
89639644,1
89799600,3
91059790,3
92469914,3
92729835,3
94159608,3
94519586,2
95759758,3
98799926,1
99549946,2
99869920,3
819740,2
1339981,3
2439937,2
7009717,3
12959543,3
14379939,3
17899931,2
18369988,3
22909709,3
23100000,1
23909731,3
29079953,2
30289790,2
32989638,3
35879867,2
38939876,3
39209919,2
40749822,1
41379843,3
41979677,1
42099958,1
42469987,3
42509986,3
43249812,1
44989801,1
47029730,1
47169806,3
47349950,1
50399809,3
51929660,2
55299886,3
55329632,3
55959848,1
57759832,3
59679578,3
67249553,1
68509954,3
68739580,2
73939679,2
74549897,3
74589824,1
78499979,3
78799978,1
79279662,3
81149908,1
81919616,1
85129830,1
85269854,3
86039934,3
88119899,3
89789816,2
89869626,3
94859825,3
94969870,2
98359997,2
29909,1
349530,1
969975,1
1079927,3
1309709,1
2829752,3
4139611,1
4689635,2
7189760,3
8699944,3
9069852,3
9949803,3
10599949,1
11599946,3
13099817,3
13379843,3
13729945,1
14189592,3
15129810,3
15709826,3
19509983,2
20559997,3
20809908,2
21359556,1
21619936,3
21709938,2
22619950,3
25559637,1
25979879,3
27949946,1
28119953,3
34019935,3
39289826,3
39629993,1
39679904,3
40069636,1
41939652,1
44339934,1
45839954,3
46139864,2
46869541,3
49049908,3
52509928,1
53309984,1
54039964,2
54839800,1
54969569,1
54989628,1
55129910,1
56039958,3
56969681,3
57069655,3
58669836,3
61049610,1
65339888,2
66529712,3
66569790,3
67009556,3
68019634,3
68549958,2
68689878,3
70379921,3
71679855,2
73299969,3
76369975,3
77019931,3
79219977,2
80669666,1
80989949,3
82599852,2
83679955,2
84059998,3
86079977,1
87279960,1
87349533,1
89269960,2
89709714,2
90119828,2
90229683,2
91119824,3
91789807,3
92129893,3
92829861,3
94289964,2
94739777,1
95859578,3
97199897,3
98099763,3
99099906,3
99349973,2
709543,3
3689815,3
3739829,3
4149898,3
5139925,1
7479769,1
9799941,2
12529942,1
13759920,3
18019542,3
18739849,3
18769972,3
18849645,2
23509865,2
25849906,2
26799749,2
27039629,1
29769797,1
33359990,3
34399626,1
40189779,1
41189680,3
42659994,1
43919990,1
44809845,1
57949815,2
59509843,1
63709814,3
63839683,1
64239835,3
66459985,1
66929615,1
70759745,2
71289798,2
71389946,1
71659967,2
71809698,1
72419745,3
73619832,2
75709600,3
78339527,1
78449658,2
80579973,1
82149956,1
85269784,1
91719646,1
93059555,3
94479963,3
95359802,3
169648,3
609815,3
749639,1
2009974,1
2089964,1
2639965,3
2909908,3
3349948,2
3779918,3
3869942,3
4069735,3
4609812,2
5639825,3
6969592,3
7619949,3
9209960,2
11449698,1
11599992,3
12299800,3
12829653,1
12959585,2
14719985,2
14829959,1
15469869,1
15599711,1
16099749,1
16259968,1
16949753,1
17299665,2
18509580,2
19029946,1
19419775,3
19989990,1
21429953,3
21509667,3
21909797,3
22559790,3
22849998,3
23309801,1
25079654,1
27559632,3
30279834,3
30789712,3
32899720,2
34859957,1
35599986,2
36349611,1
36549942,3
38229815,3
38689968,1
39369790,3
42569792,1
43489996,1
44189601,2
45459684,3
48029585,1
48049982,3
48439936,3
48479522,3
48939821,3
50029638,2
50129771,1
50729606,3
50879988,3
51459976,1
53309713,3
53849921,1
54009545,3
54219546,1
54219810,2
54959555,3
55559919,3
56269999,3
57859959,2
58059985,3
60019781,1
60399926,1
61529579,3
61789808,2
61839894,3
62599880,3
63849948,2
64089950,1
65109978,1
65999648,1
67779997,2
71829928,1
73809932,2
73839831,1
73879797,1
77089648,3
78089592,2
78179904,1
79669589,2
81119695,3
81629853,2
81779854,1
81829906,2
86129641,1
87809870,3
88379965,3
89869771,3
90109931,1
90289937,3
90829769,3
90879995,2
91019939,3
92609580,3
95689596,1
96359933,1
96489999,3
97889831,3
98869928,2
99069931,1
99269986,3
99449893,1
949967,1
3529748,3
3789930,1
6369940,2
8399671,2
9229979,1
13029625,3
13029758,1
18899989,2
19729643,3
20659743,2
21849939,1
23969750,3
25619933,1
26019702,2
26759733,1
27899942,3
28549903,2
30199820,1
30529672,2
35269972,3
35379703,3
40499727,1
46049805,2
54489891,3
58559816,1
58719644,2
60569577,1
68989594,1
74469674,2
74749638,3
81899922,2
82169628,3
87669893,2
89339863,3
89549991,2
90719945,1
90759873,2
91509855,1
93409697,3
94209932,1
99579555,1
99849772,1
22369830,1
25609602,1
31449864,3
33629761,3
39539904,3
44889575,3
50069642,3
51489647,3
54279955,3
64779948,3
65649582,3
79739971,3
87429821,1
87789937,2
92549927,3
99849946,3
1819868,3
5069782,1
5989664,1
6509998,1
7399797,1
9319932,2
11359796,1
15359610,1
15529926,1
16269899,3
17659971,2
17779854,3
18579998,1
20009638,1
20139926,3
20579853,3
21349918,1
21599620,1
22099902,3
23669807,1
28209623,2
28939576,1
30429758,1
30729553,3
31179986,3
31449801,2
32239576,1
32329887,2
32699898,2
34489919,1
34799841,3
35159952,3
35389919,1
41589878,1
41809980,1
48999755,3
50619836,1
50629997,3
54429589,1
56149590,1
65339810,1
65789981,3
66099964,3
69389983,3
71889894,1
74809914,3
78679975,3
80309883,2
80629683,1
83339905,1
83759994,2
85739554,1
90459982,3
93059872,1
95709546,1
96069898,3
98109562,3
98579849,1
98899912,1
99379938,1
2679893,3
3389801,2
5289814,2
7119898,3
9049946,1
9799906,2
13399563,1
13559579,3
14549646,3
15969821,2
16259526,1
17599817,2
20729697,3
21739653,3
21859752,1
23229727,2
28989780,3
31359876,1
42979773,3
43499795,3
45529948,2
47409871,1
52449900,3
52709691,1
52809650,3
54479948,3
56129866,3
58069679,2
59909834,1
62009827,1
63409992,1
63779936,3
65379955,2
65939871,2
66979624,2
70179960,2
74709993,1
76849847,3
80739634,3
81029916,3
81419687,3
81889877,2
83029872,2
84509966,3
88699787,2
89299902,3
93119860,2
98619579,3
99649638,1
99749796,3
859909,1
12969814,3
16679780,2
23469756,1
23989897,2
26259585,3
27309620,3
34779562,1
37589569,1
40619977,3
55239913,3
57709953,1
63799630,3
64249721,2
68909737,1
69559945,3
72839693,3
73649609,2
73909623,1
80589961,2
84119696,1
85649579,3
89159653,2
91219877,2
95419643,3
96599589,1
3009958,3
9449822,2
14299896,2
34399797,3
45699599,1
63429888,2
82989879,2
86129543,1
98629943,1
5639618,3
8409818,2
8659833,1
11779919,2
13269929,3
19379563,2
20109577,1
24119907,3
31249952,3
40019979,1
41919695,2
43449710,1
59819830,3
62669953,3
63349691,3
65119552,1
71509922,1
72509958,1
73979986,2
84939831,3
88219595,2
89849952,2
93589838,2
96579641,1
97509978,3
2249699,3
7089970,1
7609764,2
7619808,2
9199746,3
9739628,3
11699913,3
15289821,2
16379814,3
27159590,3
27559914,2
28879854,3
29769913,3
33769969,1
46539771,3
49179906,1
58239876,2
64719938,1
66139812,1
66159554,1
66699775,2
68749835,3
76689889,2
77779881,2
81229635,1
86339952,1
94169943,1
94529800,1
98029983,3
7019663,2
7759925,2
11369915,1
12099561,1
13079908,3
16019629,3
23689998,3
26699963,1
27059851,2
47379958,3
48909978,3
57069893,3
61659735,1
64959795,1
69209817,3
73189722,3
89299811,1
89779928,3
96669862,1
699812,2
7129671,1
10519808,3
11819720,3
20589880,1
23169801,3
23229586,1
25229808,1
30189723,1
36029888,1
37129691,2
37549587,1
39539765,3
40669690,2
47519536,3
48289855,1
49979838,3
50869706,3
53019591,1
54649817,3
55579896,1
62939953,3
63299929,1
63819976,1
67369569,1
68849776,1
69229945,3
69559881,3
70909617,1
73509796,3
74739978,3
75129832,1
76579546,1
80929782,2
84829936,1
88829796,1
89169591,3
93299781,1
99309654,1
339834,2
5529802,2
5919570,1
7029899,3
7129976,1
7789800,1
11299762,2
11639862,1
16419540,1
17289971,1
19879848,3
22149556,3
23449859,1
23719573,3
23969887,2
25869839,1
26129600,1
27580000,1
28199726,1
30249862,1
31569956,3
33569574,1
33619896,2
34669973,3
34999968,1
36169605,1
36559554,3
37849748,3
38269885,1
40619813,1
41469903,2
42199812,3
45009851,2
45669818,2
46959916,3
55769927,3
60449968,2
60629799,3
64409709,3
65739938,1
66069532,1
67699603,2
67749584,3
69279951,3
71209919,3
72129899,3
72859797,2
74209774,2
74719607,2
85469969,3
85879755,1
86789821,3
89769630,2
90019659,3
90049797,3
94729665,3
96219766,3
96769930,3
97989982,1
98559941,2
98769830,2
919587,1
1609678,1
1619556,3
2199832,2
2299969,2
4069947,3
5669543,1
6309822,3
8499548,1
11159906,1
11299727,1
13439986,2
15599558,2
17239998,2
21709986,3
28929854,2
30879937,2
37269648,3
37749804,3
38919993,3
41309992,3
43739929,3
43779760,1
45259561,1
46209904,1
46349979,1
48769990,3
54049814,2
54759833,3
57369659,1
59669797,3
62259660,1
63949979,3
64229824,3
65099620,3
68099681,3
74569670,1
78979941,2
79759574,2
79869779,3
89159979,1
96579842,1
98069818,2
98109807,1
98969769,2
99249677,1
5039894,3
8779954,3
11819644,1
13269913,1
18259955,3
25199765,1
28599796,1
29589856,2
30029935,1
30939826,3
33979834,1
45089965,1
47409833,2
49659730,1
53219594,2
56729592,1
59029786,1
60239738,3
62289597,2
62389829,2
64669806,1
65029719,3
68919783,3
72219861,2
87629809,1
89749619,3
89939915,3
91459631,2
95079770,1
96929576,1
1109826,2
27879910,2
29059833,3
30509633,2
30519968,1
33659873,1
36189752,3
44799906,2
50239989,3
55539869,1
58349654,2
59679800,1
63589910,3
63989615,2
64059881,3
69919605,3
74109794,2
84529800,3
84919853,2
93589983,1
99989987,1
1409661,2
2039621,3
2869943,3
9999620,3
11899976,1
13139550,1
13929850,1
15609797,3
19919796,3
20319968,2
20649953,1
24039599,1
24319826,3
25509840,3
28249829,1
33059986,3
33159630,3
44229986,1
45189809,1
47879978,2
50689836,1
53129773,1
54099615,3
55659902,2
56279796,1
57339809,1
60309703,1
62079928,2
63599590,1
66639826,2
68819812,3
68969662,1
69749797,3
70329964,3
81549832,3
83619969,2
86239805,3
93979721,3
95709915,1
109693,3
340000,3
1799957,1
2259776,3
3259598,2
3509800,1
4269669,3
6209836,1
6229899,2
7389730,3
7579639,2
8679783,1
11249892,3
12359644,1
13209598,3
14209971,3
17619860,3
19199994,1
19269974,3
21839545,3
22079990,3
23649887,2
24679780,3
25889793,1
29749988,2
29929667,3
32329556,3
32679949,1
37869746,2
39699983,1
39739964,2
45979995,3
46659918,2
47319755,1
47469765,1
47729807,1
50099729,3
50239830,2
53129539,1
53419736,1
56909979,3
59589990,3
59989974,2
60119515,1
60969802,3
61039972,3
61079531,1
61719826,3
62049733,1
63359779,2
63799646,1
64099831,1
64579878,3
64909636,3
65979993,3
69199669,2
69319972,1
69729947,2
70889587,1
71020000,3
71079980,1
71399729,3
74319978,1
76089937,2
76599959,3
77949814,1
80419730,3
80859701,1
82949979,1
85259959,1
87299835,1
87559606,3
88359903,1
89209703,3
90999749,2
91579905,1
92489739,1
94549984,3
94639997,3
96229536,2
98069894,3
98759705,3
99519741,1
499639,1
1139567,2
1149770,3
2719577,3
4459947,1
4679726,1
4789970,1
5389896,1
7389984,3
8329606,1
9329968,1
12399774,3
12509635,1
13439985,1
13669920,3
14409895,1
16869787,1
17539978,3
19369626,2
19529936,2
20439913,2
21159531,3
22419785,3
23369979,1
23469634,1
24529716,2
24739975,1
24809907,1
25009862,1
25089826,1
26699837,1
27029688,2
27369886,2
27459880,2
28109611,1
29159919,3
29779654,1
30219921,1
30349561,3
31289780,1
32329957,3
32629969,2
33079933,1
33879810,3
35559612,1
35629919,1
35749659,1
35799662,3
36429826,3
37189831,2
37359551,1
37579826,2
38079627,3
38259649,3
38349595,1
38519883,3
39699825,3
41019665,1
41919552,3
43689965,3
45609907,3
46179611,3
47409797,1
51369561,1
51919585,3
54079912,3
55909600,1
56449727,3
56999610,3
58329980,3
59679971,1
60839618,3
62969568,2
64279956,3
65549825,3
66189789,3
66319699,1
66449663,3
66949913,1
67549933,2
67599741,1
67979994,1
70709563,1
72189942,3
72639834,3
72869805,3
74269884,3
74519634,1
74909926,1
76079978,3
76089832,3
78999683,1
79999693,2
80029584,2
82139646,2
82179662,1
82179835,3
82629825,2
83209906,2
84839721,2
85589964,1
85599689,2
85639671,3
85989953,3
86239819,1
86979906,3
88979974,3
91099911,3
91469935,1
91499807,1
92979822,3
96349637,1
97939915,1
98339767,2
99479842,3
99689865,2
99959807,1
339918,3
579923,1
989587,1
1249787,1
1849794,3
2089806,2
2239835,1
2499933,1
2619622,1
2769892,2
2789804,3
2799943,3
3029934,1
3409674,1
3629937,2
4179994,2
5279820,3
6239809,1
6389560,1
6759673,2
7609729,3
7949998,3
8039647,1
8069572,2
8209651,3
8359642,3
9249877,2
9579953,2
10529942,1
10869894,1
11109830,3
11349754,3
11529836,3
11639918,1
11759842,2
11939934,1
11949834,3
12839796,3
13989700,1
14109606,3
14329830,3
14419556,1
15059664,3
15159980,3
16439955,3
16979906,2
17449616,3
17579985,2
17929597,3
18249950,1
18389970,1
18759806,2
18939947,1
18959809,3
19069859,3
19609624,1
19969667,3
20349771,1
20379682,1
21139537,3
21699800,3
22009953,3
22169618,2
23209735,2
24799724,2
24969587,3
25739825,1
26019578,1
26169856,3
26639824,3
26849771,3
27659909,1
28039946,1
28169923,1
28219577,1
28319842,3
28749536,1
29299986,1
29349622,3
29429982,1
29559579,2
30789865,3
31199832,1
31419977,1
32659788,2
33139747,3
33309932,2
33729662,2
34159622,3
34219876,1
34449789,3
35159813,2
35359751,3
35569547,3
36109982,1
36149594,3
36249881,1
36389983,2
37289741,3
38369898,2
38409811,2
38489746,3
38609988,3
38999517,1
39249847,3
39419592,1
39669885,3
40099884,3
40399791,1
40419620,3
40979951,1
41629862,2
42229824,3
42879651,3
42909650,3
42939627,1
43829964,2
43989934,3
43999810,2
44109785,1
44399695,1
45539850,1
45569795,1
45969994,3
46409826,3
47349990,1
47769969,3
47929986,1
48059685,2
49189990,1
49609755,1
51129708,3
51389657,2
51479644,1
51749997,1
52989686,1
53239562,3
53649964,2
54599800,1
55629833,1
55779990,1
55869945,1
56239978,1
56739985,3
56929566,2
57079889,2
57199969,1
57919773,1
58089939,1
58399959,1
58439884,1
58639904,3
58819655,3
58889636,1
59219810,3
59299684,1
59909877,3
60019815,3
60179870,3
60389566,1
60569562,1
60789968,3
61129655,1
61889820,1
61939887,3
62459786,1
62879840,3
62989950,3
63079955,3
63509609,1
63869936,3
64359776,2
64409967,3
65049997,3
65429612,1
65479796,3
65549871,2
65799580,3
65809806,2
66489859,3
66629698,3
66749695,1
67329998,1
67499957,3
67559669,1
67609874,2
67669553,1
67699657,3
67729754,3
67859611,1
68359993,2
69579818,1
70329843,1
70549910,3
71279767,1
71439816,1
71799691,3
72619999,2
73019562,3
73199764,3
73299981,3
73929893,2
74309995,3
74629735,1
74779598,3
75099730,2
75539611,2
75939834,3
76319567,1
76819642,3
77819930,1
78319955,2
78759625,3
79149851,1
79619997,3
79879661,3
79999567,2
80089949,3
80389854,3
80389948,2
80439984,3
80629973,3
80649955,3
80919996,2
80979923,2
81129666,1
81719972,2
82579930,1
82649574,1
83199926,3
83299669,2
83579579,3
83829902,2
83859862,3
84149967,1
84579762,3
84729890,1
84949644,1
85859943,1
87149903,3
87429999,1
87679991,1
88129996,3
88179938,1
88999990,3
89089578,3
89179574,2
89509969,2
89529986,1
89989770,2
90219881,1
90219975,3
91109992,2
91579746,1
91599814,1
93059807,2
93289858,3
93779706,1
93819816,3
93929893,2
94089876,2
95779968,3
95899906,1
95919954,1
95989578,1
96529749,2
97839972,1
98589822,2
98909970,1
99149829,1
99189821,1
99639980,1
99879872,1
1489990,2
2569933,3
3029725,3
3799775,3
4619713,1
5469644,1
7469857,1
11009819,2
12889998,1
15519754,1
15979950,3
16949868,3
18199905,2
19379796,1
21029850,1
22459707,1
23279957,3
25109905,3
26259725,3
29089734,3
30039956,1
34699653,1
35109630,2
36659834,3
39719814,3
39849702,1
42409790,3
42739861,3
49089601,2
49309853,3
50759830,1
52039819,2
52429990,1
56569752,1
56839979,2
58999710,2
60119643,1
65929545,3
67029559,2
67649965,2
71349736,1
82459923,1
83119509,3
84099838,3
85569873,3
88039990,3
89019929,3
90299561,1
91369775,3
91639703,1
95619957,3
96929780,3
289996,3
3369877,3
3849813,3
4739889,2
5289699,1
6569658,1
8449971,1
9499978,3
12089735,1
13769999,1
15239877,1
16119868,3
16479664,3
17539956,3
17659633,2
18149540,1
21369794,1
23859646,1
25159710,3
25259809,1
25949912,1
27699971,1
30949690,3
33129968,2
33529955,1
33569819,3
35579864,1
35929982,3
36909772,2
37809945,3
38249885,1
38769971,1
42249828,3
43739813,1
45229831,3
49249557,3
53729782,1
53799867,1
54339877,1
55109864,2
57359928,3
61069976,2
62099951,2
62189814,2
68439677,3
69689978,3
69729855,1
69799994,3
69839807,3
69999801,2
74389832,3
75309956,2
79039801,3
79409989,3
79429967,2
80089936,3
81439559,3
83959811,3
85519694,3
90339573,1
90949967,3
91059640,1
91789641,1
93219650,3
95099867,3
95889934,3
98729746,1
869947,3
1649886,3
2389981,3
2609983,3
2899928,3
3279689,3
6419953,1
6999570,3
10169797,3
10179820,3
12539937,2
12979682,3
15769922,3
29559815,2
31399808,3
31619963,3
31969970,3
32239645,2
33479771,1
33729827,3
37059708,3
37869658,1
48829987,3
49349814,3
49789687,2
50019950,1
50139938,2
50519931,1
55349675,2
55849949,3
55919621,3
59149553,2
61469801,3
62809619,2
63019857,2
67249587,1
67409885,3
67729676,1
68369880,3
68859681,2
72349555,3
79779652,1
81199814,3
85249863,1
88819634,2
89129996,3
91019566,3
93419698,1
97319671,3
1109886,2
2409947,1
3189822,1
8679974,3
8929796,3
9289880,3
9459930,1
9879865,3
12649538,3
12779905,3
13899534,1
14229870,3
14239708,2
17139915,3
17409966,3
18409719,3
20389593,1
23839881,2
25009662,3
25079599,3
25869988,1
27129562,3
27219925,2
28999606,3
29699939,1
30759570,1
31009728,2
31469834,3
33039984,2
35819827,2
39639843,2
41009992,3
42519602,3
42609955,3
45089764,3
47029943,1
53769798,3
60829822,3
62409748,1
63459959,1
63599623,3
65739596,3
66019815,3
67989606,1
68509607,3
69489826,3
69729563,3
70079843,3
73579859,3
73889900,1
74309851,3
74359670,1
75459553,2
77749835,1
78109869,1
78929863,3
79829813,2
83159986,3
86629822,3
86709948,3
87069911,2
88129795,3
89939703,3
91249558,1
91709522,1
92209947,3
93809895,2
94149747,2
95849800,1
97309726,2
97519619,3
97659571,3
98939819,1
99399821,3
4229650,2
4639896,3
6019835,2
7359778,2
9109810,3
16869636,1
17279985,1
18579802,2
24489713,3
32449778,3
33369963,3
38899899,3
42889548,1
43629574,3
53449947,3
55919561,3
56519660,3
56789778,3
59059682,3
66069915,1
66319865,2
66549851,2
70269625,3
72369833,1
73829775,2
74419982,3
77539788,3
79899777,1
82789987,3
85909956,1
85979590,3
86379789,2
88749671,1
89829571,3
91179954,3
839964,2
1919647,1
2749795,2
2839651,3
3709984,1
3849717,1
3989575,3
5379961,1
5959780,2
8259629,3
9829989,1
10279567,3
10959705,1
11459993,1
13009679,3
14509676,1
14939967,3
15729796,2
16109850,3
16129830,3
16509833,1
16939834,3
17419739,3
17659822,3
18239884,3
23629613,1
23629919,3
25069562,3
25249826,1
30019798,3
30469807,1
31289865,3
31629879,1
32759690,3
32829816,3
33259966,2
33669993,3
34649782,2
34759985,1
36149607,2
36829591,2
36979819,1
39529828,3
39589641,2
39789826,1
44719762,2
46129828,1
47649695,1
49849956,2
50399997,3
54809974,1
54949955,3
55139560,1
58489985,2
58759990,3
61639671,1
62399994,3
63569918,3
63609863,3
65259829,1
65609656,3
66449981,3
68689965,2
69769566,3
70159937,3
71149834,3
71309569,3
71409923,2
72159948,1
72679677,3
72939858,1
73179549,3
73869570,1
74089696,3
74239716,3
75939806,3
76059635,1
77839753,2
78979573,1
81549614,1
81919570,3
83519981,3
83709894,3
84449516,1
84529765,3
84929943,3
85829809,3
86649736,2
87749662,3
88689796,2
89849851,3
90979833,2
91589663,1
99999776,3
1269893,2
2389794,3
4729717,2
5639820,1
6039822,3
6259653,1
7489632,1
8229636,3
8649967,3
9119670,3
11709889,2
12819983,3
13599841,3
14529576,1
15009953,1
19649675,3
23989928,3
23989990,1
40119693,2
41659638,3
44059943,3
46869690,3
55009793,3
58939977,3
59829985,2
71609855,3
71819962,3
75529965,3
75859738,1
77669755,3
77869988,2
78339680,3
78419719,1
78599978,3
79309678,3
80229611,3
86579827,2
89159772,1
90239911,3
91029984,3
93049717,1
1009995,3
3179779,2
3269902,3
4139769,2
4239950,3
6079933,1
11409719,1
12599590,3
15629981,3
15879989,3
30979888,2
34139947,2
34949850,2
38849787,1
40289972,1
41069978,3
42439592,3
43299990,1
50229998,1
53679928,2
55239784,3
55709533,1
63149599,1
65259730,2
70789997,1
71669958,1
73529750,1
75429620,2
77959895,3
78759718,3
82349795,1
83240000,2
84559883,1
84929875,3
85089799,1
86419949,2
86799683,3
88539812,3
88859943,2
89379863,1
91379569,1
93159826,2
94179799,2
97289589,1
97649842,3
98199541,1
2889885,1
20529913,1
24509760,1
26769833,2
28799986,3
29579893,3
31909672,1
37939888,3
42189959,1
43919911,3
53759799,2
59629547,1
66479901,3
72529697,1
73839894,1
79449633,3
86189762,1
88899584,2
90029792,3
91769669,3
91949811,3
94979631,3
1659549,1
2389823,1
4079779,1
4589591,3
6069763,1
7289711,2
11229895,2
11789887,1
14769553,3
15629812,2
18309830,1
18419851,2
21439812,3
21589742,3
22689899,3
23389705,3
23429800,1
23529877,3
24079910,1
25009784,2
26429816,3
29159926,2
29399906,1
29489772,1
29759594,3
31859800,1
34189966,1
35599792,3
36259638,1
37919949,1
39389981,1
39539826,3
40309538,3
43899957,3
45489884,1
45569630,1
45729819,3
46439894,1
48009606,3
49459807,3
49889711,2
50689912,1
51719995,3
54469761,1
55769744,2
57719658,3
57939795,2
58969880,1
60259886,1
60429796,3
63579949,3
64879981,3
64899643,1
65309994,2
66179925,3
66799954,3
67379981,2
67959707,2
68749573,2
69479719,1
69749710,3
69959577,1
73069787,3
74209587,3
74879910,3
77349561,1
77969898,3
82069956,3
83089666,1
83209896,3
83359599,1
87359769,3
87919977,1
89919975,1
90419902,3
91489936,3
93809928,1
94869963,1
95349580,3
95899598,1
98899775,1
99569587,3
3219841,1
4109594,3
7479996,1
11599983,3
13359634,1
14199627,3
16209603,3
17799733,1
20619997,1
23029712,1
23599738,3
28149580,3
28569615,3
28939820,1
38789712,3
39599655,2
41519671,1
42279850,1
43469577,3
44489989,1
46379982,2
47529837,1
47809735,1
51999637,3
52089826,3
52679821,2
53109955,1
54099557,1
55889624,1
58199914,2
62029785,1
63309633,3
64589819,1
65809568,1
66859686,1
68239797,3
69399738,3
71279796,1
71889910,3
73819979,1
74029934,3
75409579,1
75789809,1
79089986,3
80609826,3
84059829,1
86559607,1
88169655,3
92599537,3
95579938,3
369985,3
8679785,2
9829737,3
11129794,2
15479797,3
20239721,3
22729922,3
22789822,3
28609616,2
35219758,3
39089810,2
39659769,3
42779672,1
47199967,3
49719871,2
54679586,1
55699934,2
60669998,1
61289610,3
66729562,3
75719566,1
79609857,3
83379817,2
85799976,1
98199713,3
1879807,2
15939772,1
24649833,2
58799819,1
59879888,3
67339719,3
70179659,2
80299946,1
90129995,1
32669631,1
49289968,2
86019710,3
92019822,1
15949656,1
24179683,1
27929590,1
31069984,3
37689808,3
38309986,1
42949598,3
48999830,1
55489886,1
57449824,1
59329765,3
66449585,1
68799871,1
70599976,1
71179542,1
76879567,1
83199794,1
87959858,2
8709887,2
9319844,1
12739698,1
16419607,3
20129953,3
20339783,3
21079559,1
22339898,1
30079766,2
40439764,2
41639955,1
46409574,3
48939983,1
51079661,3
57269625,1
88269797,1
90559547,1
94819886,3
96909964,2
97329825,3
309971,3
689894,3
1529898,1
3679801,1
4579768,1
7419976,1
11599805,3
12999970,1
13149827,1
13359664,3
16449548,1
16489694,2
16549713,3
17619922,1
18859913,3
21759587,1
25109828,2
25179955,3
27519913,3
27619972,2
28819678,1
29459817,1
32009955,1
34219961,1
37769931,3
39279860,1
41769638,1
47149976,1
48549610,3
48669972,3
50129744,3
50619780,1
52639869,1
58449681,3
61179722,1
71369976,1
75659942,1
82409594,3
83619924,1
85119803,3
87769639,1
89419760,1
89519592,2
90119678,1
92629885,3
92779572,1
95899977,3
96059734,3
96319541,1
96879976,1
98709618,1
98989959,1
919926,1
1839965,1
1899550,1
4669549,1
5089673,1
11609958,1
12979697,3
14549700,3
14909976,1
16819573,3
19779847,1
20469759,3
23559561,1
24679865,1
25089819,3
25399583,1
29379639,3
34809650,3
37549925,3
42619637,3
47979538,1
48239670,3
48589955,3
48909704,1
50099615,3
51499826,1
51819895,2
56229796,1
57799942,3
58689825,1
62099804,3
76319913,2
77719976,3
79629558,1
83659994,1
83859983,3
87469556,3
90429908,3
1499761,3
4679898,3
8379794,1
23629808,2
25359828,1
38469642,2
41089978,1
49389951,2
53009954,2
67809958,3
68399724,3
69079820,3
70869561,2
73769816,3
80919939,3
86569519,1
91979512,3
93489904,3
95589992,3
97729967,1
98469775,2
879894,3
8749884,2
15789826,3
20739871,1
21199971,3
31309962,3
37109806,1
39939889,3
40859733,1
41439742,3
44949980,1
57289957,3
61729988,3
67029936,1
74569796,3
78330000,3
79129744,3
89029528,1
90829886,1
22729979,1
37679885,1
41519819,2
50879576,3
57789982,1
75809879,3
76399906,3
80919772,1
87819646,3
1229599,1
11469950,3
13069651,3
14669804,1
20279547,1
20929985,1
22579737,3
26649939,1
28049977,3
30739829,3
36499864,3
37589768,1
39339906,1
39689919,2
40229834,3
41209798,3
43849896,3
47069929,1
51999892,3
57029982,1
59749784,1
61449984,1
61999562,1
69019951,3
73859552,3
76539937,3
77899670,1
78199697,3
78849735,2
83569974,3
89249865,3
97889787,1
98569581,1
99039751,1
3629797,3
6529929,2
10229970,1
12869802,1
19429797,3
19969914,1
27989743,1
45309888,3
46289575,1
50609992,1
68339742,1
83119587,3
88469822,2
89999796,3
96919885,2
91709902,2
22149725,2
25639912,3
30229727,2
51669721,1
54299912,2
71449796,1
73289682,3
78919950,1
80369845,2
81529778,1
90579826,3
95169576,1
24279889,3
30699778,1
45429844,1
47029554,3
62549981,2
64929799,1
84519823,1
87129637,1
90999744,1
93820000,3
10799927,3
14719635,1
23779821,1
28189760,3
34099913,3
39229941,3
45559720,3
45959837,1
49619735,3
51829865,2
54749830,3
58119935,1
67279580,2
79149797,3
83039821,3
89459995,1
89849985,3
91939904,3
94159737,3
99839997,1
5429986,1
22679929,1
28469794,3
29669904,1
46199830,3
51669643,3
58279550,3
59559595,1
62209651,1
82189810,3
83299721,1
97879923,1
98249905,3
99439787,3
1499624,1
80689898,2
84409914,1
94009873,2
47899869,2
6409834,1
12139998,3
25469827,3
31839558,1
56719714,2
57789687,1
82499585,1
84299926,1
90749982,1
3519981,1
6129636,1
6839963,1
26389660,1
27999930,1
31859680,1
34569610,3
34589796,2
37829911,2
38929887,2
39919957,3
40889773,3
42119797,1
57969866,1
63649991,1
66959544,3
71579997,1
78439721,1
82999957,2
87729888,3
97379654,1
299749,1
34089867,3
35619711,1
39200000,3
48509865,3
48939584,1
56299930,1
60100000,1
72699827,1
78889741,1
80719913,1
90079817,1
3089715,2
5969889,1
9829953,1
10939779,3
11209986,3
12659995,1
17759647,1
19979887,3
20509797,3
22769927,2
26949981,3
27609569,1
38039576,1
43229949,3
44419881,3
44639953,2
47339927,3
48409669,2
48629928,3
50369772,3
51929932,3
52379615,1
54029592,3
65039570,1
65429891,2
67139562,3
68889878,1
77289788,3
77429921,2
78119662,1
79679809,1
82839870,3
84489851,2
84769937,3
85219833,1
86679882,1
86899849,1
91049795,1
93089941,1
96579930,3
96879682,2
97279893,1
98189860,3
899987,1
15169906,2
22889812,1
23009913,1
31179706,2
35069542,2
35199607,1
39409698,3
48199798,1
56229619,3
70779661,2
89379680,2
90249987,1
90379916,1
2159905,1
3709783,1
4019679,3
5149830,2
17639684,3
20099992,1
24469899,1
28399785,1
28689816,2
28969931,3
38579861,3
43579989,1
47649796,1
65929895,1
68149807,3
75069811,1
76859612,1
78429815,3
79919866,1
81719949,2
82379618,3
82689832,3
83619996,1
86499800,1
86899624,3
92199878,1
93769545,3
93789719,1
75719781,2
4919858,1
11619982,1
24319961,3
27959865,1
45719665,1
48379629,3
56419772,3
60279873,2
79499693,1
82209908,1
3809808,1
10279902,3
11699660,1
13489682,3
15139814,1
22719992,1
24479578,1
31599645,2
34919915,3
35899915,1
36619985,2
41939987,2
47589760,1
51629592,1
59119807,2
59729930,1
62369802,1
68209534,1
69819835,2
76529594,3
78459916,3
79779990,2
84079571,3
92039782,1
92049834,1
97279814,3
6559701,1
27929857,1
37339829,3
38359990,3
43819956,3
55199779,1
88899548,3
909861,3
4599876,3
7679874,1
9829826,2
30209998,3
39249978,3
45349978,1
48009896,1
63139954,3
70189834,1
71189777,1
81889835,1
82549990,1
1539975,2
2469932,1
2679888,3
5149765,1
6999885,1
9539625,1
13129651,1
16719959,1
17179776,3
18129832,1
18689591,2
19039659,1
19719996,1
22799572,1
23899969,3
24889696,1
25989563,1
27179605,3
28049788,2
28959725,3
29549819,3
31039816,1
31469558,2
31879826,3
32529669,3
33029952,2
37309994,1
38169913,1
38729898,1
39089617,2
39959584,3
40519972,1
42169852,1
42539716,1
45639859,3
47609583,3
48309975,1
49379834,1
49939636,3
49989816,2
52319807,3
52459769,2
53559575,1
54129584,3
54469953,1
57889720,3
58689974,2
59749870,1
61149783,3
61719869,3
62229965,1
65239815,1
65979562,1
67659643,3
70369969,1
72919811,1
74659912,3
74759887,3
74859553,1
75389970,1
76819950,3
77679883,1
77869553,3
78769700,3
79949897,1
80099819,3
80859813,1
80889920,3
82309911,1
83419887,1
85409937,3
85799895,3
89089730,1
89339811,1
92359694,2
95889599,1
98229906,3
1829913,2
8449843,3
9699987,3
10979809,2
12649573,2
22719922,2
22819564,1
23179730,3
31269801,1
33489870,3
36259820,3
38659977,1
40149996,3
58039870,1
63469735,1
68949819,3
72739822,1
80539703,2
81969930,3
83009883,1
85639865,1
88019840,3
90889812,1
91399912,1
94109885,3
96049681,3
529610,3
5199595,1
10319811,3
11859914,1
16819969,1
31879538,1
35909717,3
42939560,3
51709810,2
54339683,3
57439643,1
59959819,1
64799826,3
65349949,1
70959635,3
89299599,3
94199868,3
26449886,3
42509936,3
79849706,3
87320000,1
98139784,3
14169929,3
29519813,2
43429730,3
57619831,3
60529868,1
60569870,3
62019763,3
65679985,1
84909963,1
86979922,2
89629634,3
96029807,3
99829870,3
27769801,3
85399668,1
85739846,1
89319801,3
91029748,2
19899641,2
23369710,1
24259591,3
56269606,1
16059766,3
58159858,2
96549641,1
2389788,1
12639726,2
23089930,1
29629991,1
35299659,1
42929814,2
48219933,1
87199967,3
90499735,1
20919822,3
2779946,1
12099812,3
20219986,1
69069981,2
82759879,1
7639542,1
35829769,1
47259950,2
48019673,1
53899948,3
69529738,3
72739761,1
82119724,2
88159864,3
90349796,1
2709959,3
26809630,3
16599965,2
14659599,3
69079841,2
70759790,3
98859516,1
1999549,1
8729958,3
18559684,3
18809726,3
19839958,1
31809821,3
32519627,1
35019965,1
35559608,3
37379702,1
39669803,2
42689962,3
46279833,1
50479791,3
64069923,1
64849626,3
75719844,1
87319727,1
89519798,2
94129559,3
94629802,2
26249568,3
38749830,1
43359996,3
53989880,3
60029755,3
64169960,1
81449643,2
5179927,1
9149981,1
27609975,3
40579818,3
41759776,1
62719926,1
79869994,3
87119995,1
94269638,1
98899915,3
99409962,2
3969876,1
17629866,2
18239665,2
63049923,2
1049570,3
4779672,1
4809965,1
26389911,1
70209913,3
70239993,3
73829676,3
89079661,2
11719672,1
18429945,2
23959919,2
24089858,3
31839594,1
54639610,1
66589830,3
79069979,1
42959986,2
48209978,3
16749639,3
24769834,2
55979969,2
60589972,1
68549780,1
81189569,1
81609864,1
3389905,3
4679603,3
14159599,1
18019875,3
18789726,2
19229772,1
21059578,1
35179678,1
38609885,1
40429880,2
50579949,3
52059965,1
52469867,1
54309830,1
62009942,1
67609936,3
69239998,1
81949746,3
82799708,2
86279977,2
88569667,1
88599693,3
89109644,3
90909890,3
94079957,3
95569587,1
6729743,2
7179732,1
8829778,1
10389881,1
28179947,1
35429973,3
38399997,1
38719830,1
50039991,3
62419841,1
69549988,1
76929837,1
77139652,3
78639828,1
87419994,1
90159788,3
90409906,1
93149872,1
95909803,3
98849789,3
98849939,3
99369897,3
5729916,1
29089746,1
36279579,3
83299569,1
99699989,3
12529968,1
17969548,1
20799929,2
24979721,2
61229882,2
69389918,3
4029818,1
27459897,3
2569835,3
11999871,1
15569982,1
15819912,2
19349984,1
31829841,1
39669775,1
42389575,3
44459982,3
45109834,1
46849816,2
48669585,1
61999856,1
63709996,1
64099956,3
69029593,3
72029993,1
73189606,1
76059832,3
78519954,2
83429871,2
83969892,1
88409976,3
93199828,1
96579851,3
97329906,1
20049997,2
43089572,1
64759586,3
66099545,3
68089953,1
68289745,3
91929619,1
52289857,1
80399800,3
3519993,1
7839912,3
10009638,2
10179961,3
14559662,1
18189678,3
23799921,1
24429757,1
28179969,1
33259651,2
39209662,3
39849760,3
46869733,3
50319938,2
51039698,1
51399947,3
54589671,2
57329797,1
59669958,3
61889803,3
66099876,3
72049829,3
84369903,1
85109829,1
85169864,1
27669777,2
85549965,1
19139957,2
20829856,3
24349844,1
33349832,1
80129949,3
3759797,1
5399819,3
6729957,1
13359824,3
50789947,2
61709633,2
63329930,2
64389898,3
88659885,3
92769887,1
94079933,3
1069886,3
6209912,1
7789616,1
23839975,3
36849988,3
42789967,3
58249906,1
80479935,1
83599655,2
89639877,2
1880000,1
2199862,2
4859873,1
7269949,2
7449893,2
9129855,1
10469873,3
11409631,1
12739846,1
13409950,1
13719671,3
15089542,3
16829850,2
17139799,1
19739886,1
22859731,1
22939972,1
23009992,2
23239648,1
25209745,1
30019658,1
30159778,3
31789934,1
31929673,3
32899755,1
34179876,3
38519569,1
48119887,2
49689935,3
50739844,1
56229598,3
58449629,3
62719735,1
67569923,1
68589912,1
78879816,1
84439987,2
84879694,1
86079964,3
93959956,1
96009798,1
99049994,2
1009831,3
2589965,3
3349804,3
7589968,1
11719878,2
16329954,3
17159782,1
20299846,2
23759562,1
25819660,1
28679927,3
28979791,3
31909871,2
36969841,2
42399990,3
43879661,2
48069561,1
48979636,1
50099912,3
51509611,1
52319932,3
58439523,1
58559830,3
68329865,1
69169796,1
75559888,2
79229923,1
80169901,3
84149890,3
89399904,1
90669591,1
90779667,3
94079555,3
97009991,3
98459877,1
99069531,2
99079981,1
2259992,1
18259541,1
20679895,1
35189958,1
44369691,1
48929800,1
64519961,1
64999730,1
68479607,2
71719998,1
87799801,3
98119644,3
99899820,3
10149644,1
15509934,1
42139929,1
50259604,1
53839654,1
57479971,1
30249998,1
52829873,1
57569923,1
73469878,1
84319624,3
93009725,3
2869574,1
18009546,3
27239959,3
32489909,1
34279797,1
40319981,1
55049747,3
55059561,1
59969999,1
74179524,1
75779882,1
78399880,3
80249796,1
93889981,3
96079641,1
96839921,1
7859980,2
32569990,1
63979942,1
66699922,3
97379612,3
23049704,3
40049830,1
45849835,1
83889800,1
7309995,2
10389846,2
16589646,3
16919581,3
18539850,2
19269935,3
20809998,1
22009897,1
25159873,1
28019941,3
28199766,2
31259918,3
31669796,1
32549648,1
38279998,1
39679584,1
43799575,1
44209751,3
59759975,3
59899635,1
63569959,3
65039619,3
67019924,2
69459891,1
70239750,2
73379750,3
75909887,1
84689543,1
86419877,1
90869679,3
99409816,3
2759923,1
3779756,3
12269588,1
36739956,3
43079711,1
46379873,1
68299523,1
77639836,1
94859847,3
40479996,1
57369844,1
66009928,1
99269913,2
5639732,2
19320000,1
46159926,1
54009814,3
62399740,3
69959834,3
70089938,3
77649923,3
81739909,2
83279866,1
389613,3
1369928,2
3629926,3
4719570,3
6029667,3
10709970,1
11469570,1
16789947,1
19699799,1
20419795,3
58459653,1
58769988,3
61199758,1
61999616,1
68239779,1
76579907,1
80069996,1
82029850,1
89089539,2
95309925,2
96259757,3
96499842,1
6799676,3
21269988,1
21439592,1
22189705,1
22699935,3
28069592,3
30039992,1
36939661,1
41389536,1
42179858,3
53249948,3
53489576,1
54539682,1
60449987,1
61319998,1
64819730,1
67129945,3
72259965,3
77759601,1
83259986,3
86849834,1
92869957,2
99839533,3
2769672,1
16430000,1
40599648,2
45109866,1
47649831,3
67049638,1
67329707,3
77089884,1
82049898,3
92399624,1
97259933,1
17599808,1
20279661,1
32619707,1
36419991,3
39669911,1
44549955,1
46169530,3
69499678,3
43499671,1
81009939,3
29639940,1
74019703,2
82039956,1
10919694,1
67519904,1
70549834,1
8869977,1
11639959,1
42329595,1
40669781,1
87679644,3
7719577,3
9509843,3
29459730,1
79959979,3
109959,1
60200000,1
72429887,1
5189621,1
69989793,1
11919562,1
52219962,1
17269835,1
90099963,1
93799706,1
15409904,1
59499852,1
59619855,1
5649867,1
33879855,1
34399619,1
60049963,3
62439913,1
73859548,3
84399956,1
94509555,1
86869834,1
87979599,1
43909908,3
78139938,1
88899873,1
1369576,1
1549549,1
25969808,2
50809836,3
56209832,1
56239722,1
26079897,3
50279938,1
65459841,1
80539880,1
58629981,3
6759926,1
29319978,2
38109665,1
40489721,1
45639830,1
61359967,1
81179966,3
7359979,1
21609771,1
39869778,2
76759978,1
77799644,3
96109842,1
19469766,1
56889949,3
64139843,3
15979510,1
89359811,3
51329643,3
83549543,1
26349578,1
84839969,3
88339788,2
42109890,3
7589827,3
20419888,1
45459835,1
76929937,1
22569636,1
30329982,1
59079912,1
17499821,3
64289522,1
66199939,3
1179792,3
31929940,1
61609634,2
64519986,1
53449605,1
30339969,1
84869542,1
13949603,3
15199829,1
83299589,1
99109783,1
18539776,2
67809986,1
44389790,2
9499680,1
66689534,1
28289751,2
399566,2
68279725,3
65929992,1
75949785,2
21709671,2
56699649,1
63629832,1
31489706,1
91759561,2
81049951,1
29419730,1
58769773,3
56629870,2
57769613,1
2739907,3
49939843,3
77919579,1
47809660,2
62789923,1
87239592,1
69539822,1
1259686,1
26079516,1
24699548,3
29729815,1
35399615,3
41699814,1
51489755,1
8189540,3
22639633,3
45419827,1
61779671,1
11599994,3
18409815,1
32859596,1
42149824,1
52369762,1
61079972,3
45369949,1
68659566,1
49969853,1
77369939,3
74739641,3
94879650,1
93989607,1
3489945,3
74949747,3
4369949,1
30309997,2
25849797,1
35239782,1
17319713,3
22759817,1
49499942,2
56289796,3
61959612,3
44269946,3
99559843,1
84959905,1
36429965,2
14359520,1
59179784,1
81779569,3
99319674,1
9599639,1
49309956,1
85429551,1
